,0,1,2,3,4,5,6,7,8
0,AAT_ECOLI,0.49,0.29,0.48,0.5,0.56,0.24,0.35,cp
1,ACEA_ECOLI,0.07,0.4,0.48,0.5,0.54,0.35,0.44,cp
2,ACEK_ECOLI,0.56,0.4,0.48,0.5,0.49,0.37,0.46,cp
3,ACKA_ECOLI,0.59,0.49,0.48,0.5,0.52,0.45,0.36,cp
4,ADI_ECOLI,0.23,0.32,0.48,0.5,0.55,0.25,0.35,cp
5,ALKH_ECOLI,0.67,0.39,0.48,0.5,0.36,0.38,0.46,cp
6,AMPD_ECOLI,0.29,0.28,0.48,0.5,0.44,0.23,0.34,cp
7,AMY2_ECOLI,0.21,0.34,0.48,0.5,0.51,0.28,0.39,cp
8,APT_ECOLI,0.2,0.44,0.48,0.5,0.46,0.51,0.57,cp
9,ARAC_ECOLI,0.42,0.4,0.48,0.5,0.56,0.18,0.3,cp
10,ASG1_ECOLI,0.42,0.24,0.48,0.5,0.57,0.27,0.37,cp
11,BTUR_ECOLI,0.25,0.48,0.48,0.5,0.44,0.17,0.29,cp
12,CAFA_ECOLI,0.39,0.32,0.48,0.5,0.46,0.24,0.35,cp
13,CAIB_ECOLI,0.51,0.5,0.48,0.5,0.46,0.32,0.35,cp
14,CFA_ECOLI,0.22,0.43,0.48,0.5,0.48,0.16,0.28,cp
15,CHEA_ECOLI,0.25,0.4,0.48,0.5,0.46,0.44,0.52,cp
16,CHEB_ECOLI,0.34,0.45,0.48,0.5,0.38,0.24,0.35,cp
17,CHEW_ECOLI,0.44,0.27,0.48,0.5,0.55,0.52,0.58,cp
18,CHEY_ECOLI,0.23,0.4,0.48,0.5,0.39,0.28,0.38,cp
19,CHEZ_ECOLI,0.41,0.57,0.48,0.5,0.39,0.21,0.32,cp
20,CRL_ECOLI,0.4,0.45,0.48,0.5,0.38,0.22,0.0,cp
21,CSPA_ECOLI,0.31,0.23,0.48,0.5,0.73,0.05,0.14,cp
22,CYNR_ECOLI,0.51,0.54,0.48,0.5,0.41,0.34,0.43,cp
23,CYPB_ECOLI,0.3,0.16,0.48,0.5,0.56,0.11,0.23,cp
24,CYPC_ECOLI,0.36,0.39,0.48,0.5,0.48,0.22,0.23,cp
25,CYSB_ECOLI,0.29,0.37,0.48,0.5,0.48,0.44,0.52,cp
26,CYSE_ECOLI,0.25,0.4,0.48,0.5,0.47,0.33,0.42,cp
27,DAPD_ECOLI,0.21,0.51,0.48,0.5,0.5,0.32,0.41,cp
28,DCP_ECOLI,0.43,0.37,0.48,0.5,0.53,0.35,0.44,cp
29,DDLA_ECOLI,0.43,0.39,0.48,0.5,0.47,0.31,0.41,cp
30,DDLB_ECOLI,0.53,0.38,0.48,0.5,0.44,0.26,0.36,cp
31,DEOC_ECOLI,0.34,0.33,0.48,0.5,0.38,0.35,0.44,cp
32,DLDH_ECOLI,0.56,0.51,0.48,0.5,0.34,0.37,0.46,cp
33,EFG_ECOLI,0.4,0.29,0.48,0.5,0.42,0.35,0.44,cp
34,EFTS_ECOLI,0.24,0.35,0.48,0.5,0.31,0.19,0.31,cp
35,EFTU_ECOLI,0.36,0.54,0.48,0.5,0.41,0.38,0.46,cp
36,ENO_ECOLI,0.29,0.52,0.48,0.5,0.42,0.29,0.39,cp
37,FABB_ECOLI,0.65,0.47,0.48,0.5,0.59,0.3,0.4,cp
38,FES_ECOLI,0.32,0.42,0.48,0.5,0.35,0.28,0.38,cp
39,G3P1_ECOLI,0.38,0.46,0.48,0.5,0.48,0.22,0.29,cp
40,G3P2_ECOLI,0.33,0.45,0.48,0.5,0.52,0.32,0.41,cp
41,G6PI_ECOLI,0.3,0.37,0.48,0.5,0.59,0.41,0.49,cp
42,GCVA_ECOLI,0.4,0.5,0.48,0.5,0.45,0.39,0.47,cp
43,GLNA_ECOLI,0.28,0.38,0.48,0.5,0.5,0.33,0.42,cp
44,GLPD_ECOLI,0.61,0.45,0.48,0.5,0.48,0.35,0.41,cp
45,GLYA_ECOLI,0.17,0.38,0.48,0.5,0.45,0.42,0.5,cp
46,GSHR_ECOLI,0.44,0.35,0.48,0.5,0.55,0.55,0.61,cp
47,GT_ECOLI,0.43,0.4,0.48,0.5,0.39,0.28,0.39,cp
48,HEM6_ECOLI,0.42,0.35,0.48,0.5,0.58,0.15,0.27,cp
49,HEMN_ECOLI,0.23,0.33,0.48,0.5,0.43,0.33,0.43,cp
50,HPRT_ECOLI,0.37,0.52,0.48,0.5,0.42,0.42,0.36,cp
51,IF1_ECOLI,0.29,0.3,0.48,0.5,0.45,0.03,0.17,cp
52,IF2_ECOLI,0.22,0.36,0.48,0.5,0.35,0.39,0.47,cp
53,ILVY_ECOLI,0.23,0.58,0.48,0.5,0.37,0.53,0.59,cp
54,IPYR_ECOLI,0.47,0.47,0.48,0.5,0.22,0.16,0.26,cp
55,KAD_ECOLI,0.54,0.47,0.48,0.5,0.28,0.33,0.42,cp
56,KDSA_ECOLI,0.51,0.37,0.48,0.5,0.35,0.36,0.45,cp
57,LEU3_ECOLI,0.4,0.35,0.48,0.5,0.45,0.33,0.42,cp
58,LON_ECOLI,0.44,0.34,0.48,0.5,0.3,0.33,0.43,cp
59,LPLA_ECOLI,0.42,0.38,0.48,0.5,0.54,0.34,0.43,cp
60,LYSR_ECOLI,0.44,0.56,0.48,0.5,0.5,0.46,0.54,cp
61,MALQ_ECOLI,0.52,0.36,0.48,0.5,0.41,0.28,0.38,cp
62,MALZ_ECOLI,0.36,0.41,0.48,0.5,0.48,0.47,0.54,cp
63,MASY_ECOLI,0.18,0.3,0.48,0.5,0.46,0.24,0.35,cp
64,METB_ECOLI,0.47,0.29,0.48,0.5,0.51,0.33,0.43,cp
65,METC_ECOLI,0.24,0.43,0.48,0.5,0.54,0.52,0.59,cp
66,METK_ECOLI,0.25,0.37,0.48,0.5,0.41,0.33,0.42,cp
67,METR_ECOLI,0.52,0.57,0.48,0.5,0.42,0.47,0.54,cp
68,METX_ECOLI,0.25,0.37,0.48,0.5,0.43,0.26,0.36,cp
69,MURF_ECOLI,0.35,0.48,0.48,0.5,0.56,0.4,0.48,cp
70,NADA_ECOLI,0.26,0.26,0.48,0.5,0.34,0.25,0.35,cp
71,NFRC_ECOLI,0.44,0.51,0.48,0.5,0.47,0.26,0.36,cp
72,NHAR_ECOLI,0.37,0.5,0.48,0.5,0.42,0.36,0.45,cp
73,NIRD_ECOLI,0.44,0.42,0.48,0.5,0.42,0.25,0.2,cp
74,OMPR_ECOLI,0.24,0.43,0.48,0.5,0.37,0.28,0.38,cp
75,OTC1_ECOLI,0.42,0.3,0.48,0.5,0.48,0.26,0.36,cp
76,OTC2_ECOLI,0.48,0.42,0.48,0.5,0.45,0.25,0.35,cp
77,PEPE_ECOLI,0.41,0.48,0.48,0.5,0.51,0.44,0.51,cp
78,PFLA_ECOLI,0.44,0.28,0.48,0.5,0.43,0.27,0.37,cp
79,PFLB_ECOLI,0.29,0.41,0.48,0.5,0.48,0.38,0.46,cp
80,PGK_ECOLI,0.34,0.28,0.48,0.5,0.41,0.35,0.44,cp
81,PHOB_ECOLI,0.41,0.43,0.48,0.5,0.45,0.31,0.41,cp
82,PHOH_ECOLI,0.29,0.47,0.48,0.5,0.41,0.23,0.34,cp
83,PMBA_ECOLI,0.34,0.55,0.48,0.5,0.58,0.31,0.41,cp
84,PNP_ECOLI,0.36,0.56,0.48,0.5,0.43,0.45,0.53,cp
85,PROB_ECOLI,0.4,0.46,0.48,0.5,0.52,0.49,0.56,cp
86,PT1A_ECOLI,0.5,0.49,0.48,0.5,0.49,0.46,0.53,cp
87,PT1_ECOLI,0.52,0.44,0.48,0.5,0.37,0.36,0.42,cp
88,PTCA_ECOLI,0.5,0.51,0.48,0.5,0.27,0.23,0.34,cp
89,PTCB_ECOLI,0.53,0.42,0.48,0.5,0.16,0.29,0.39,cp
90,PTFA_ECOLI,0.34,0.46,0.48,0.5,0.52,0.35,0.44,cp
91,PTGA_ECOLI,0.4,0.42,0.48,0.5,0.37,0.27,0.27,cp
92,PTHA_ECOLI,0.41,0.43,0.48,0.5,0.5,0.24,0.25,cp
93,PTHP_ECOLI,0.3,0.45,0.48,0.5,0.36,0.21,0.32,cp
94,PTKA_ECOLI,0.31,0.47,0.48,0.5,0.29,0.28,0.39,cp
95,PTKB_ECOLI,0.64,0.76,0.48,0.5,0.45,0.35,0.38,cp
96,PTNA_ECOLI,0.35,0.37,0.48,0.5,0.3,0.34,0.43,cp
97,PTWB_ECOLI,0.57,0.54,0.48,0.5,0.37,0.28,0.33,cp
98,PTWX_ECOLI,0.65,0.55,0.48,0.5,0.34,0.37,0.28,cp
99,RHAR_ECOLI,0.51,0.46,0.48,0.5,0.58,0.31,0.41,cp
100,RHAS_ECOLI,0.38,0.4,0.48,0.5,0.63,0.25,0.35,cp
101,RIMI_ECOLI,0.24,0.57,0.48,0.5,0.63,0.34,0.43,cp
102,RIMJ_ECOLI,0.38,0.26,0.48,0.5,0.54,0.16,0.28,cp
103,RIML_ECOLI,0.33,0.47,0.48,0.5,0.53,0.18,0.29,cp
104,RNB_ECOLI,0.24,0.34,0.48,0.5,0.38,0.3,0.4,cp
105,RNC_ECOLI,0.26,0.5,0.48,0.5,0.44,0.32,0.41,cp
106,RND_ECOLI,0.44,0.49,0.48,0.5,0.39,0.38,0.4,cp
107,RNE_ECOLI,0.43,0.32,0.48,0.5,0.33,0.45,0.52,cp
108,SERC_ECOLI,0.49,0.43,0.48,0.5,0.49,0.3,0.4,cp
109,SLYD_ECOLI,0.47,0.28,0.48,0.5,0.56,0.2,0.25,cp
110,SOXS_ECOLI,0.32,0.33,0.48,0.5,0.6,0.06,0.2,cp
111,SYA_ECOLI,0.34,0.35,0.48,0.5,0.51,0.49,0.56,cp
112,SYC_ECOLI,0.35,0.34,0.48,0.5,0.46,0.3,0.27,cp
113,SYD_ECOLI,0.38,0.3,0.48,0.5,0.43,0.29,0.39,cp
114,SYE_ECOLI,0.38,0.44,0.48,0.5,0.43,0.2,0.31,cp
115,SYFA_ECOLI,0.41,0.51,0.48,0.5,0.58,0.2,0.31,cp
116,SYFB_ECOLI,0.34,0.42,0.48,0.5,0.41,0.34,0.43,cp
117,SYGA_ECOLI,0.51,0.49,0.48,0.5,0.53,0.14,0.26,cp
118,SYGB_ECOLI,0.25,0.51,0.48,0.5,0.37,0.42,0.5,cp
119,SYH_ECOLI,0.29,0.28,0.48,0.5,0.5,0.42,0.5,cp
120,SYI_ECOLI,0.25,0.26,0.48,0.5,0.39,0.32,0.42,cp
121,SYK1_ECOLI,0.24,0.41,0.48,0.5,0.49,0.23,0.34,cp
122,SYK2_ECOLI,0.17,0.39,0.48,0.5,0.53,0.3,0.39,cp
123,SYL_ECOLI,0.04,0.31,0.48,0.5,0.41,0.29,0.39,cp
124,SYM_ECOLI,0.61,0.36,0.48,0.5,0.49,0.35,0.44,cp
125,SYP_ECOLI,0.34,0.51,0.48,0.5,0.44,0.37,0.46,cp
126,SYQ_ECOLI,0.28,0.33,0.48,0.5,0.45,0.22,0.33,cp
127,SYR_ECOLI,0.4,0.46,0.48,0.5,0.42,0.35,0.44,cp
128,SYS_ECOLI,0.23,0.34,0.48,0.5,0.43,0.26,0.37,cp
129,SYT_ECOLI,0.37,0.44,0.48,0.5,0.42,0.39,0.47,cp
130,SYV_ECOLI,0.0,0.38,0.48,0.5,0.42,0.48,0.55,cp
131,SYW_ECOLI,0.39,0.31,0.48,0.5,0.38,0.34,0.43,cp
132,SYY_ECOLI,0.3,0.44,0.48,0.5,0.49,0.22,0.33,cp
133,THGA_ECOLI,0.27,0.3,0.48,0.5,0.71,0.28,0.39,cp
134,THIK_ECOLI,0.17,0.52,0.48,0.5,0.49,0.37,0.46,cp
135,TYRB_ECOLI,0.36,0.42,0.48,0.5,0.53,0.32,0.41,cp
136,UBIC_ECOLI,0.3,0.37,0.48,0.5,0.43,0.18,0.3,cp
137,UGPQ_ECOLI,0.26,0.4,0.48,0.5,0.36,0.26,0.37,cp
138,USPA_ECOLI,0.4,0.41,0.48,0.5,0.55,0.22,0.33,cp
139,UVRB_ECOLI,0.22,0.34,0.48,0.5,0.42,0.29,0.39,cp
140,UVRC_ECOLI,0.44,0.35,0.48,0.5,0.44,0.52,0.59,cp
141,XGPT_ECOLI,0.27,0.42,0.48,0.5,0.37,0.38,0.43,cp
142,XYLA_ECOLI,0.16,0.43,0.48,0.5,0.54,0.27,0.37,cp
143,EMRA_ECOLI,0.06,0.61,0.48,0.5,0.49,0.92,0.37,im
144,AAS_ECOLI,0.44,0.52,0.48,0.5,0.43,0.47,0.54,im
145,AMPE_ECOLI,0.63,0.47,0.48,0.5,0.51,0.82,0.84,im
146,ARAE_ECOLI,0.23,0.48,0.48,0.5,0.59,0.88,0.89,im
147,ARAH_ECOLI,0.34,0.49,0.48,0.5,0.58,0.85,0.8,im
148,AROP_ECOLI,0.43,0.4,0.48,0.5,0.58,0.75,0.78,im
149,ATKB_ECOLI,0.46,0.61,0.48,0.5,0.48,0.86,0.87,im
150,ATP6_ECOLI,0.27,0.35,0.48,0.5,0.51,0.77,0.79,im
151,BETT_ECOLI,0.52,0.39,0.48,0.5,0.65,0.71,0.73,im
152,CODB_ECOLI,0.29,0.47,0.48,0.5,0.71,0.65,0.69,im
153,CYDA_ECOLI,0.55,0.47,0.48,0.5,0.57,0.78,0.8,im
154,CYOC_ECOLI,0.12,0.67,0.48,0.5,0.74,0.58,0.63,im
155,CYOD_ECOLI,0.4,0.5,0.48,0.5,0.65,0.82,0.84,im
156,DCTA_ECOLI,0.73,0.36,0.48,0.5,0.53,0.91,0.92,im
157,DHG_ECOLI,0.84,0.44,0.48,0.5,0.48,0.71,0.74,im
158,DHSC_ECOLI,0.48,0.45,0.48,0.5,0.6,0.78,0.8,im
159,DHSD_ECOLI,0.54,0.49,0.48,0.5,0.4,0.87,0.88,im
160,DPPC_ECOLI,0.48,0.41,0.48,0.5,0.51,0.9,0.88,im
161,DSBB_ECOLI,0.5,0.66,0.48,0.5,0.31,0.92,0.92,im
162,ENVZ_ECOLI,0.72,0.46,0.48,0.5,0.51,0.66,0.7,im
163,EXBB_ECOLI,0.47,0.55,0.48,0.5,0.58,0.71,0.75,im
164,FRDC_ECOLI,0.33,0.56,0.48,0.5,0.33,0.78,0.8,im
165,FRDD_ECOLI,0.64,0.58,0.48,0.5,0.48,0.78,0.73,im
166,FTSW_ECOLI,0.54,0.57,0.48,0.5,0.56,0.81,0.83,im
167,GABP_ECOLI,0.47,0.59,0.48,0.5,0.52,0.76,0.79,im
168,GALP_ECOLI,0.63,0.5,0.48,0.5,0.59,0.85,0.86,im
169,GLNP_ECOLI,0.49,0.42,0.48,0.5,0.53,0.79,0.81,im
170,GLPT_ECOLI,0.31,0.5,0.48,0.5,0.57,0.84,0.85,im
171,GLTP_ECOLI,0.74,0.44,0.48,0.5,0.55,0.88,0.89,im
172,KDGL_ECOLI,0.33,0.45,0.48,0.5,0.45,0.88,0.89,im
173,KGTP_ECOLI,0.45,0.4,0.48,0.5,0.61,0.74,0.77,im
174,LACY_ECOLI,0.71,0.4,0.48,0.5,0.71,0.7,0.74,im
175,LGT_ECOLI,0.5,0.37,0.48,0.5,0.66,0.64,0.69,im
176,LLDP_ECOLI,0.66,0.53,0.48,0.5,0.59,0.66,0.66,im
177,LNT_ECOLI,0.6,0.61,0.48,0.5,0.54,0.67,0.71,im
178,LSPA_ECOLI,0.83,0.37,0.48,0.5,0.61,0.71,0.74,im
179,LYSP_ECOLI,0.34,0.51,0.48,0.5,0.67,0.9,0.9,im
180,MALF_ECOLI,0.63,0.54,0.48,0.5,0.65,0.79,0.81,im
181,MALG_ECOLI,0.7,0.4,0.48,0.5,0.56,0.86,0.83,im
182,MCP3_ECOLI,0.6,0.5,1.0,0.5,0.54,0.77,0.8,im
183,MSBB_ECOLI,0.16,0.51,0.48,0.5,0.33,0.39,0.48,im
184,MTR_ECOLI,0.74,0.7,0.48,0.5,0.66,0.65,0.69,im
185,NANT_ECOLI,0.2,0.46,0.48,0.5,0.57,0.78,0.81,im
186,NHAA_ECOLI,0.89,0.55,0.48,0.5,0.51,0.72,0.76,im
187,NHAB_ECOLI,0.7,0.46,0.48,0.5,0.56,0.78,0.73,im
188,PHEP_ECOLI,0.12,0.43,0.48,0.5,0.63,0.7,0.74,im
189,PHOR_ECOLI,0.61,0.52,0.48,0.5,0.54,0.67,0.52,im
190,PNTA_ECOLI,0.33,0.37,0.48,0.5,0.46,0.65,0.69,im
191,POTE_ECOLI,0.63,0.65,0.48,0.5,0.66,0.67,0.71,im
192,PROP_ECOLI,0.41,0.51,0.48,0.5,0.53,0.75,0.78,im
193,PSTA_ECOLI,0.34,0.67,0.48,0.5,0.52,0.76,0.79,im
194,PSTC_ECOLI,0.58,0.34,0.48,0.5,0.56,0.87,0.81,im
195,PTAA_ECOLI,0.59,0.56,0.48,0.5,0.55,0.8,0.82,im
196,PTBA_ECOLI,0.51,0.4,0.48,0.5,0.57,0.62,0.67,im
197,PTCC_ECOLI,0.5,0.57,0.48,0.5,0.71,0.61,0.66,im
198,PTDA_ECOLI,0.6,0.46,0.48,0.5,0.45,0.81,0.83,im
199,PTFB_ECOLI,0.37,0.47,0.48,0.5,0.39,0.76,0.79,im
200,PTGB_ECOLI,0.58,0.55,0.48,0.5,0.57,0.7,0.74,im
201,PTHB_ECOLI,0.36,0.47,0.48,0.5,0.51,0.69,0.72,im
202,PTMA_ECOLI,0.39,0.41,0.48,0.5,0.52,0.72,0.75,im
203,PTOA_ECOLI,0.35,0.51,0.48,0.5,0.61,0.71,0.74,im
204,PTTB_ECOLI,0.31,0.44,0.48,0.5,0.5,0.79,0.82,im
205,RODA_ECOLI,0.61,0.66,0.48,0.5,0.46,0.87,0.88,im
206,SECE_ECOLI,0.48,0.49,0.48,0.5,0.52,0.77,0.71,im
207,SECF_ECOLI,0.11,0.5,0.48,0.5,0.58,0.72,0.68,im
208,SECY_ECOLI,0.31,0.36,0.48,0.5,0.58,0.94,0.94,im
209,TNAB_ECOLI,0.68,0.51,0.48,0.5,0.71,0.75,0.78,im
210,XYLE_ECOLI,0.69,0.39,0.48,0.5,0.57,0.76,0.79,im
211,YCEE_ECOLI,0.52,0.54,0.48,0.5,0.62,0.76,0.79,im
212,EXBD_ECOLI,0.46,0.59,0.48,0.5,0.36,0.76,0.23,im
213,FTSL_ECOLI,0.36,0.45,0.48,0.5,0.38,0.79,0.17,im
214,FTSN_ECOLI,0.0,0.51,0.48,0.5,0.35,0.67,0.44,im
215,FTSQ_ECOLI,0.1,0.49,0.48,0.5,0.41,0.67,0.21,im
216,MOTB_ECOLI,0.3,0.51,0.48,0.5,0.42,0.61,0.34,im
217,TOLA_ECOLI,0.61,0.47,0.48,0.5,0.0,0.8,0.32,im
218,TOLQ_ECOLI,0.63,0.75,0.48,0.5,0.64,0.73,0.66,im
219,EMRB_ECOLI,0.71,0.52,0.48,0.5,0.64,1.0,0.99,im
220,ATKC_ECOLI,0.85,0.53,0.48,0.5,0.53,0.52,0.35,imS
221,NFRB_ECOLI,0.63,0.49,0.48,0.5,0.54,0.76,0.79,imS
222,NLPA_ECOLI,0.75,0.55,1.0,1.0,0.4,0.47,0.3,imL
223,CYOA_ECOLI,0.7,0.39,1.0,0.5,0.51,0.82,0.84,imL
224,ATKA_ECOLI,0.72,0.42,0.48,0.5,0.65,0.77,0.79,imU
225,BCR_ECOLI,0.79,0.41,0.48,0.5,0.66,0.81,0.83,imU
226,CADB_ECOLI,0.83,0.48,0.48,0.5,0.65,0.76,0.79,imU
227,CAIT_ECOLI,0.69,0.43,0.48,0.5,0.59,0.74,0.77,imU
228,CPXA_ECOLI,0.79,0.36,0.48,0.5,0.46,0.82,0.7,imU
229,CRED_ECOLI,0.78,0.33,0.48,0.5,0.57,0.77,0.79,imU
230,CYDB_ECOLI,0.75,0.37,0.48,0.5,0.64,0.7,0.74,imU
231,CYOB_ECOLI,0.59,0.29,0.48,0.5,0.64,0.75,0.77,imU
232,CYOE_ECOLI,0.67,0.37,0.48,0.5,0.54,0.64,0.68,imU
233,DMSC_ECOLI,0.66,0.48,0.48,0.5,0.54,0.7,0.74,imU
234,DPPB_ECOLI,0.64,0.46,0.48,0.5,0.48,0.73,0.76,imU
235,DSBD_ECOLI,0.76,0.71,0.48,0.5,0.5,0.71,0.75,imU
236,FEPD_ECOLI,0.84,0.49,0.48,0.5,0.55,0.78,0.74,imU
237,FEPG_ECOLI,0.77,0.55,0.48,0.5,0.51,0.78,0.74,imU
238,FTSH_ECOLI,0.81,0.44,0.48,0.5,0.42,0.67,0.68,imU
239,GLTS_ECOLI,0.58,0.6,0.48,0.5,0.59,0.73,0.76,imU
240,KEFC_ECOLI,0.63,0.42,0.48,0.5,0.48,0.77,0.8,imU
241,KUP_ECOLI,0.62,0.42,0.48,0.5,0.58,0.79,0.81,imU
242,MCP1_ECOLI,0.86,0.39,0.48,0.5,0.59,0.89,0.9,imU
243,MCP2_ECOLI,0.81,0.53,0.48,0.5,0.57,0.87,0.88,imU
244,MCP4_ECOLI,0.87,0.49,0.48,0.5,0.61,0.76,0.79,imU
245,MELB_ECOLI,0.47,0.46,0.48,0.5,0.62,0.74,0.77,imU
246,MOTA_ECOLI,0.76,0.41,0.48,0.5,0.5,0.59,0.62,imU
247,NUPC_ECOLI,0.7,0.53,0.48,0.5,0.7,0.86,0.87,imU
248,NUPG_ECOLI,0.64,0.45,0.48,0.5,0.67,0.61,0.66,imU
249,PNTB_ECOLI,0.81,0.52,0.48,0.5,0.57,0.78,0.8,imU
250,PTKC_ECOLI,0.73,0.26,0.48,0.5,0.57,0.75,0.78,imU
251,RHAT_ECOLI,0.49,0.61,1.0,0.5,0.56,0.71,0.74,imU
252,SECD_ECOLI,0.88,0.42,0.48,0.5,0.52,0.73,0.75,imU
253,SECG_ECOLI,0.84,0.54,0.48,0.5,0.75,0.92,0.7,imU
254,TEHA_ECOLI,0.63,0.51,0.48,0.5,0.64,0.72,0.76,imU
255,TYRP_ECOLI,0.86,0.55,0.48,0.5,0.63,0.81,0.83,imU
256,UHPB_ECOLI,0.79,0.54,0.48,0.5,0.5,0.66,0.68,imU
257,TONB_ECOLI,0.57,0.38,0.48,0.5,0.06,0.49,0.33,imU
258,LEP_ECOLI,0.78,0.44,0.48,0.5,0.45,0.73,0.68,imU
259,FADL_ECOLI,0.78,0.68,0.48,0.5,0.83,0.4,0.29,om
260,FHUA_ECOLI,0.63,0.69,0.48,0.5,0.65,0.41,0.28,om
261,LAMB_ECOLI,0.67,0.88,0.48,0.5,0.73,0.5,0.25,om
262,NFRA_ECOLI,0.61,0.75,0.48,0.5,0.51,0.33,0.33,om
263,NMPC_ECOLI,0.67,0.84,0.48,0.5,0.74,0.54,0.37,om
264,OMPA_ECOLI,0.74,0.9,0.48,0.5,0.57,0.53,0.29,om
265,OMPC_ECOLI,0.73,0.84,0.48,0.5,0.86,0.58,0.29,om
266,OMPF_ECOLI,0.75,0.76,0.48,0.5,0.83,0.57,0.3,om
267,OMPX_ECOLI,0.77,0.57,0.48,0.5,0.88,0.53,0.2,om
268,PHOE_ECOLI,0.74,0.78,0.48,0.5,0.75,0.54,0.15,om
269,TSX_ECOLI,0.68,0.76,0.48,0.5,0.84,0.45,0.27,om
270,BTUB_ECOLI,0.56,0.68,0.48,0.5,0.77,0.36,0.45,om
271,CIRA_ECOLI,0.65,0.51,0.48,0.5,0.66,0.54,0.33,om
272,FECA_ECOLI,0.52,0.81,0.48,0.5,0.72,0.38,0.38,om
273,FEPA_ECOLI,0.64,0.57,0.48,0.5,0.7,0.33,0.26,om
274,FHUE_ECOLI,0.6,0.76,1.0,0.5,0.77,0.59,0.52,om
275,OMPP_ECOLI,0.69,0.59,0.48,0.5,0.77,0.39,0.21,om
276,OMPT_ECOLI,0.63,0.49,0.48,0.5,0.79,0.45,0.28,om
277,TOLC_ECOLI,0.71,0.71,0.48,0.5,0.68,0.43,0.36,om
278,PA1_ECOLI,0.68,0.63,0.48,0.5,0.73,0.4,0.3,om
279,MULI_ECOLI,0.77,0.57,1.0,0.5,0.37,0.54,0.01,omL
280,NLPB_ECOLI,0.66,0.49,1.0,0.5,0.54,0.56,0.36,omL
281,NLPE_ECOLI,0.71,0.46,1.0,0.5,0.52,0.59,0.3,omL
282,PAL_ECOLI,0.67,0.55,1.0,0.5,0.66,0.58,0.16,omL
283,SLP_ECOLI,0.68,0.49,1.0,0.5,0.62,0.55,0.28,omL
284,AGP_ECOLI,0.74,0.49,0.48,0.5,0.42,0.54,0.36,pp
285,AMY1_ECOLI,0.7,0.61,0.48,0.5,0.56,0.52,0.43,pp
286,ARAF_ECOLI,0.66,0.86,0.48,0.5,0.34,0.41,0.36,pp
287,ASG2_ECOLI,0.73,0.78,0.48,0.5,0.58,0.51,0.31,pp
288,BGLX_ECOLI,0.65,0.57,0.48,0.5,0.47,0.47,0.51,pp
289,C562_ECOLI,0.72,0.86,0.48,0.5,0.17,0.55,0.21,pp
290,CN16_ECOLI,0.67,0.7,0.48,0.5,0.46,0.45,0.33,pp
291,CYPH_ECOLI,0.67,0.81,0.48,0.5,0.54,0.49,0.23,pp
292,CYSP_ECOLI,0.67,0.61,0.48,0.5,0.51,0.37,0.38,pp
293,DGAL_ECOLI,0.63,1.0,0.48,0.5,0.35,0.51,0.49,pp
294,DPPA_ECOLI,0.57,0.59,0.48,0.5,0.39,0.47,0.33,pp
295,DSBA_ECOLI,0.71,0.71,0.48,0.5,0.4,0.54,0.39,pp
296,DSBC_ECOLI,0.66,0.74,0.48,0.5,0.31,0.38,0.43,pp
297,ECOT_ECOLI,0.67,0.81,0.48,0.5,0.25,0.42,0.25,pp
298,ECPD_ECOLI,0.64,0.72,0.48,0.5,0.49,0.42,0.19,pp
299,FECB_ECOLI,0.68,0.82,0.48,0.5,0.38,0.65,0.56,pp
300,FECR_ECOLI,0.32,0.39,0.48,0.5,0.53,0.28,0.38,pp
301,FEPB_ECOLI,0.7,0.64,0.48,0.5,0.47,0.51,0.47,pp
302,FIMC_ECOLI,0.63,0.57,0.48,0.5,0.49,0.7,0.2,pp
303,GGT_ECOLI,0.74,0.82,0.48,0.5,0.49,0.49,0.41,pp
304,GLNH_ECOLI,0.63,0.86,0.48,0.5,0.39,0.47,0.34,pp
305,GLPQ_ECOLI,0.63,0.83,0.48,0.5,0.4,0.39,0.19,pp
306,HTRA_ECOLI,0.63,0.71,0.48,0.5,0.6,0.4,0.39,pp
307,LIVJ_ECOLI,0.71,0.86,0.48,0.5,0.4,0.54,0.32,pp
308,LIVK_ECOLI,0.68,0.78,0.48,0.5,0.43,0.44,0.42,pp
309,MALE_ECOLI,0.64,0.84,0.48,0.5,0.37,0.45,0.4,pp
310,MALM_ECOLI,0.74,0.47,0.48,0.5,0.5,0.57,0.42,pp
311,MEPA_ECOLI,0.75,0.84,0.48,0.5,0.35,0.52,0.33,pp
312,MODA_ECOLI,0.63,0.65,0.48,0.5,0.39,0.44,0.35,pp
313,NRFA_ECOLI,0.69,0.67,0.48,0.5,0.3,0.39,0.24,pp
314,NRFF_ECOLI,0.7,0.71,0.48,0.5,0.42,0.84,0.85,pp
315,OPPA_ECOLI,0.69,0.8,0.48,0.5,0.46,0.57,0.26,pp
316,OSMY_ECOLI,0.64,0.66,0.48,0.5,0.41,0.39,0.2,pp
317,POTD_ECOLI,0.63,0.8,0.48,0.5,0.46,0.31,0.29,pp
318,POTF_ECOLI,0.66,0.71,0.48,0.5,0.41,0.5,0.35,pp
319,PPA_ECOLI,0.69,0.59,0.48,0.5,0.46,0.44,0.52,pp
320,PPB_ECOLI,0.68,0.67,0.48,0.5,0.49,0.4,0.34,pp
321,PROX_ECOLI,0.64,0.78,0.48,0.5,0.5,0.36,0.38,pp
322,PSTS_ECOLI,0.62,0.78,0.48,0.5,0.47,0.49,0.54,pp
323,PTR_ECOLI,0.76,0.73,0.48,0.5,0.44,0.39,0.39,pp
324,RBSB_ECOLI,0.64,0.81,0.48,0.5,0.37,0.39,0.44,pp
325,SPEA_ECOLI,0.29,0.39,0.48,0.5,0.52,0.4,0.48,pp
326,SUBI_ECOLI,0.62,0.83,0.48,0.5,0.46,0.36,0.4,pp
327,TBPA_ECOLI,0.56,0.54,0.48,0.5,0.43,0.37,0.3,pp
328,TESA_ECOLI,0.69,0.66,0.48,0.5,0.41,0.5,0.25,pp
329,TOLB_ECOLI,0.69,0.65,0.48,0.5,0.63,0.48,0.41,pp
330,TORA_ECOLI,0.43,0.59,0.48,0.5,0.52,0.49,0.56,pp
331,TREA_ECOLI,0.74,0.56,0.48,0.5,0.47,0.68,0.3,pp
332,UGPB_ECOLI,0.71,0.57,0.48,0.5,0.48,0.35,0.32,pp
333,USHA_ECOLI,0.61,0.6,0.48,0.5,0.44,0.39,0.38,pp
334,XYLF_ECOLI,0.59,0.61,0.48,0.5,0.42,0.42,0.37,pp
335,YTFQ_ECOLI,0.74,0.74,0.48,0.5,0.31,0.53,0.52,pp
