PERSON_ID,PLAYER_NAME,TEAM_NAME,POSITION,HEIGHT,WEIGHT,COUNTRY,BIRTHDATE,SEASON_EXP,DRAFT_NUMBER,GP,MIN,PTS,REB,AST,STL,BLK,SALARY,AGE
1630173,Precious Achiuwa,Raptors,Forward,203,102,Nigeria,1999-09-19,2,20,134,18.4,7.2,5.1,0.8,0.4,0.5,2711280,"23 years, 0 months, 0 days"
203500,Steven Adams,Grizzlies,Center,211,120,New Zealand,1993-07-20,9,12,664,26.8,9.3,8.0,1.5,0.9,0.9,17073171,"29 years, 1 months, 30 days"
1628389,Bam Adebayo,Heat,Center,206,116,USA,1997-07-18,5,14,343,28.2,13.5,8.3,3.5,1.0,0.9,28103550,"25 years, 2 months, 1 days"
1630583,Santi Aldama,Grizzlies,Forward,211,98,Spain,2001-01-10,1,30,32,11.2,4.1,2.7,0.7,0.2,0.3,1994520,"21 years, 8 months, 9 days"
200746,LaMarcus Aldridge,Nets,Center,211,113,USA,1985-07-19,16,2,1076,33.7,19.1,8.1,1.9,0.7,1.1,2641691,"37 years, 2 months, 0 days"
1629638,Nickeil Alexander-Walker,Jazz,Guard,196,93,Canada,1998-09-02,3,17,158,19.4,9.3,2.6,2.2,0.7,0.3,3261480,"24 years, 0 months, 17 days"
1628960,Grayson Allen,Bucks,Guard,193,90,USA,1995-10-08,4,21,192,21.9,9.4,2.6,1.5,0.6,0.2,4054695,"26 years, 11 months, 11 days"
1628386,Jarrett Allen,Cavaliers,Center,208,110,USA,1998-04-21,5,22,341,26.6,11.6,8.7,1.4,0.5,1.4,20000000,"24 years, 4 months, 29 days"
203937,Kyle Anderson,Timberwolves,Forward,206,104,USA,1993-09-20,8,30,505,21.0,6.7,4.4,2.3,1.0,0.6,9937150,"28 years, 11 months, 30 days"
203507,Giannis Antetokounmpo,Bucks,Forward,211,110,Greece,1994-12-06,9,15,656,32.6,21.8,9.4,4.6,1.2,1.3,39344970,"27 years, 9 months, 13 days"
203648,Thanasis Antetokounmpo,Bucks,Forward,198,99,Greece,1992-07-18,4,51,127,9.1,3.1,2.0,0.7,0.4,0.2,1729217,"30 years, 2 months, 1 days"
2546,Carmelo Anthony,Lakers,Forward,201,108,USA,1984-05-29,19,3,1260,34.5,22.5,6.2,2.7,1.0,0.5,2641691,"38 years, 3 months, 21 days"
1630175,Cole Anthony,Magic,Guard,190,84,USA,2000-05-15,2,15,112,29.8,14.9,5.1,5.0,0.7,0.3,3449400,"22 years, 4 months, 4 days"
1628384,OG Anunoby,Raptors,Forward,201,105,United Kingdom,1997-07-17,5,23,301,26.8,10.4,4.1,1.4,1.1,0.5,16071429,"25 years, 2 months, 2 days"
1627853,Ryan Arcidiacono,Bulls,Guard,190,88,USA,1994-03-26,6,Undrafted,217,17.2,4.6,2.0,2.1,0.5,0.0,586136,"28 years, 5 months, 24 days"
201571,D.J. Augustin,Lakers,Guard,180,83,USA,1987-11-10,14,9,976,23.4,9.5,1.8,3.9,0.6,0.0,7622467,"34 years, 10 months, 9 days"
1630166,Deni Avdija,Wizards,Forward,206,95,Israel,2001-01-03,2,9,136,23.8,7.6,5.1,1.7,0.7,0.4,4692840,"21 years, 8 months, 16 days"
1629028,Deandre Ayton,Suns,Center,211,113,Bahamas,1998-07-23,4,1,236,30.7,16.3,10.5,1.6,0.7,1.0,12632950,"24 years, 1 months, 27 days"
1628962,Udoka Azubuike,Jazz,Center,213,122,Nigeria,1999-09-17,2,27,32,7.9,3.0,2.6,0.0,0.1,0.5,2075880,"23 years, 0 months, 2 days"
1628963,Marvin Bagley III,Pistons,Forward,211,107,USA,1999-03-14,4,2,166,25.1,13.6,7.4,0.9,0.5,0.7,11312114,"23 years, 6 months, 5 days"
1630163,LaMelo Ball,Hornets,Guard,201,82,USA,2001-08-22,2,3,126,30.9,18.3,6.4,7.0,1.6,0.4,8231760,"21 years, 0 months, 28 days"
1628366,Lonzo Ball,Bulls,Guard,198,86,USA,1997-10-27,5,2,252,32.5,11.9,5.7,6.2,1.6,0.6,18604651,"24 years, 10 months, 23 days"
1628964,Mo Bamba,Magic,Center,213,105,USA,1998-05-12,4,6,226,18.6,7.7,6.1,0.9,0.4,1.4,7568742,"24 years, 4 months, 7 days"
1630217,Desmond Bane,Grizzlies,Guard,196,98,USA,1998-06-25,2,30,144,26.3,14.0,3.8,2.3,0.9,0.3,2033160,"24 years, 2 months, 25 days"
1630625,Dalano Banton,Raptors,Forward,201,93,Canada,1999-11-07,1,46,64,10.9,3.2,1.9,1.5,0.4,0.2,925258,"22 years, 10 months, 12 days"
203084,Harrison Barnes,Kings,Forward,203,102,USA,1992-05-30,10,7,747,31.8,14.1,5.1,1.8,0.7,0.2,20284091,"30 years, 3 months, 20 days"
1630567,Scottie Barnes,Raptors,Forward,201,102,USA,2001-08-01,1,4,74,35.4,15.3,7.5,3.5,1.1,0.7,7280520,"21 years, 1 months, 18 days"
1629628,RJ Barrett,Knicks,Forward,198,97,Canada,2000-06-14,3,3,198,33.5,17.5,5.6,2.9,0.8,0.3,8623920,"22 years, 3 months, 5 days"
203115,Will Barton,Wizards,Guard,196,82,USA,1991-01-06,10,40,623,25.9,11.6,4.3,2.7,0.8,0.4,15384615,"31 years, 8 months, 13 days"
1629646,Charles Bassey,76ers,Center,206,104,Nigeria,2000-10-28,1,53,23,7.3,3.0,2.7,0.3,0.2,0.7,925258,"21 years, 10 months, 22 days"
1628966,Keita Bates-Diop,Spurs,Forward,203,104,USA,1996-01-23,4,48,163,15.0,5.2,3.0,0.6,0.5,0.3,1729217,"26 years, 7 months, 27 days"
201587,Nicolas Batum,Clippers,Guard,203,104,France,1988-12-14,14,25,915,30.6,11.1,5.1,3.5,1.0,0.6,12213507,"33 years, 9 months, 5 days"
203145,Kent Bazemore,Lakers,Guard,193,88,USA,1989-07-01,10,Undrafted,657,20.6,8.2,3.2,1.8,1.0,0.5,2401537,"33 years, 2 months, 18 days"
1629647,Darius Bazley,Thunder,Forward,203,94,USA,2000-06-12,3,23,185,25.8,10.0,5.8,1.3,0.6,0.7,2513040,"22 years, 3 months, 7 days"
203078,Bradley Beal,Wizards,Guard,193,94,USA,1993-06-28,10,3,645,34.8,22.1,4.1,4.2,1.1,0.4,34502130,"29 years, 2 months, 22 days"
1627736,Malik Beasley,Jazz,Guard,193,85,USA,1996-11-26,6,19,336,20.9,10.4,2.5,1.2,0.6,0.1,14391964,"25 years, 9 months, 24 days"
202722,Davis Bertans,Mavericks,Forward,208,102,Latvia,1992-11-12,6,42,387,19.1,8.2,2.7,1.0,0.4,0.4,16000000,"29 years, 10 months, 7 days"
201976,Patrick Beverley,Lakers,Guard,185,82,USA,1988-07-12,10,42,526,27.4,8.8,4.3,3.5,1.1,0.5,14320988,"34 years, 2 months, 7 days"
1630180,Saddiq Bey,Pistons,Forward,201,98,USA,1999-04-09,2,19,152,30.4,14.3,5.0,2.2,0.8,0.2,2824320,"23 years, 5 months, 10 days"
203920,Khem Birch,Raptors,Center,206,106,Canada,1992-09-28,5,Undrafted,262,17.8,5.2,4.6,1.0,0.5,0.6,6350000,"29 years, 11 months, 22 days"
1629048,Goga Bitadze,Pacers,Center,213,113,Georgia,1999-07-20,3,18,149,11.8,5.0,2.9,0.8,0.3,0.9,3098400,"23 years, 1 months, 30 days"
202687,Bismack Biyombo,Suns,Center,203,116,DRC,1992-08-28,11,7,738,19.9,5.2,6.1,0.6,0.3,1.3,1366392,"30 years, 0 months, 22 days"
202357,Nemanja Bjelica,Warriors,Forward,206,106,Serbia,1988-05-09,8,35,449,20.4,7.6,4.6,1.8,0.6,0.4,2089448,"34 years, 4 months, 10 days"
202339,Eric Bledsoe,Trail Blazers,Guard,185,97,USA,1989-12-09,13,18,756,27.8,13.7,3.9,4.7,1.4,0.5,18125000,"32 years, 9 months, 10 days"
203992,Bogdan Bogdanovic,Hawks,Guard,198,102,Serbia,1992-08-18,5,27,316,28.6,14.2,3.4,3.4,1.0,0.2,18000000,"30 years, 1 months, 1 days"
202711,Bojan Bogdanovic,Jazz,Forward,201,103,Croatia,1989-04-18,8,31,603,29.1,15.0,3.6,1.6,0.6,0.1,18700000,"33 years, 5 months, 1 days"
1629626,Bol Bol,Magic,Center,218,100,Sudan,1999-11-16,3,44,53,6.2,2.7,1.2,0.3,0.1,0.3,2161152,"22 years, 10 months, 3 days"
1630195,Leandro Bolmaro,Jazz,Forward,198,91,Argentina,2000-09-11,1,23,35,6.9,1.4,1.2,0.6,0.2,0.0,2353320,"22 years, 0 months, 8 days"
1629067,Isaac Bonga,Raptors,Guard,203,82,Germany,1999-11-08,4,39,143,13.1,3.1,2.2,0.8,0.5,0.3,1729217,"22 years, 10 months, 11 days"
1626164,Devin Booker,Suns,Guard,196,93,USA,1996-10-30,7,13,477,33.7,23.5,3.9,4.7,0.8,0.3,31610000,"25 years, 10 months, 20 days"
1628449,Chris Boucher,Raptors,Forward,206,91,Saint Lucia,1993-01-11,5,Undrafted,231,17.9,9.0,5.3,0.5,0.5,1.2,7009615,"29 years, 8 months, 8 days"
1630547,James Bouknight,Hornets,Guard,193,86,USA,2000-09-18,1,11,31,9.8,4.6,1.7,0.8,0.2,0.0,4154400,"22 years, 0 months, 1 days"
202340,Avery Bradley,Lakers,Guard,190,82,USA,1990-11-26,12,19,660,27.5,11.0,2.8,1.7,1.0,0.2,2641691,"31 years, 9 months, 24 days"
1628396,Tony Bradley,Bulls,Center,208,112,USA,1998-01-08,5,28,167,11.7,4.6,4.3,0.5,0.2,0.6,1789256,"24 years, 8 months, 11 days"
1628969,Mikal Bridges,Suns,Forward,198,95,USA,1996-08-30,4,10,309,31.3,11.3,3.9,2.1,1.3,0.6,5557725,"26 years, 0 months, 20 days"
1628970,Miles Bridges,Hornets,Forward,201,102,USA,1998-03-21,4,12,291,29.1,13.4,5.6,2.3,0.7,0.7,5421493,"24 years, 5 months, 29 days"
1629052,Oshae Brissett,Pacers,Forward,201,95,Canada,1998-06-20,3,Undrafted,107,20.7,8.2,4.7,0.9,0.6,0.5,1701593,"24 years, 2 months, 30 days"
1627763,Malcolm Brogdon,Celtics,Guard,196,104,USA,1992-12-11,6,36,333,30.2,15.5,4.2,4.8,0.9,0.2,21700000,"29 years, 9 months, 8 days"
1629717,Armoni Brooks,Raptors,Guard,190,88,USA,1998-06-05,3,,74,18.4,6.9,2.3,1.2,0.5,0.2,1489065,"24 years, 3 months, 14 days"
1628415,Dillon Brooks,Grizzlies,Guard,201,102,Canada,1996-01-22,5,45,272,28.2,14.5,3.0,2.0,1.0,0.3,12200000,"26 years, 7 months, 28 days"
1628971,Bruce Brown,Nuggets,Guard,193,92,USA,1996-08-15,4,42,269,23.5,7.6,4.3,2.1,0.9,0.5,4736102,"26 years, 1 months, 4 days"
1627759,Jaylen Brown,Celtics,Guard,198,101,USA,1996-10-24,6,3,403,28.7,16.5,4.9,2.0,0.9,0.4,24830357,"25 years, 10 months, 26 days"
1629650,Moses Brown,Clippers,Center,218,111,USA,1999-10-13,3,Undrafted,92,14.1,6.0,5.8,0.1,0.4,0.7,1701593,"22 years, 11 months, 6 days"
1628425,Sterling Brown,Rockets,Guard,196,99,USA,1995-02-10,5,46,264,16.8,5.4,3.3,1.0,0.5,0.2,3000000,"27 years, 7 months, 9 days"
1630535,Greg Brown III,Trail Blazers,Forward,201,93,USA,2001-09-01,1,43,48,13.3,4.7,2.8,0.7,0.5,0.5,925258,"21 years, 0 months, 18 days"
1628972,Troy Brown Jr.,Lakers,Guard,198,98,USA,1999-07-28,4,15,221,18.5,6.4,3.8,1.6,0.7,0.1,5170564,"23 years, 1 months, 22 days"
1628973,Jalen Brunson,Knicks,Guard,185,86,USA,1996-08-31,4,33,277,24.7,11.9,3.0,3.7,0.6,0.0,1802057,"26 years, 0 months, 19 days"
1628418,Thomas Bryant,Lakers,Center,208,112,USA,1997-07-31,5,42,170,20.1,10.2,5.7,1.3,0.4,0.9,8730159,"25 years, 1 months, 19 days"
203493,Reggie Bullock,Mavericks,Guard,198,93,USA,1991-03-16,9,25,434,22.5,7.8,2.5,1.2,0.6,0.1,9536000,"31 years, 6 months, 3 days"
203504,Trey Burke,Rockets,Guard,183,84,USA,1992-11-12,9,9,498,20.9,9.6,1.8,3.1,0.6,0.1,3333333,"29 years, 10 months, 7 days"
202692,Alec Burks,Pistons,Guard,198,97,USA,1991-07-20,11,12,625,23.0,10.6,3.5,2.0,0.7,0.2,9536000,"31 years, 1 months, 30 days"
1630215,Jared Butler,Jazz,Guard,190,88,USA,2000-08-25,1,40,42,8.6,3.8,1.1,1.5,0.4,0.2,925258,"22 years, 0 months, 25 days"
202710,Jimmy Butler,Heat,Forward,201,104,USA,1989-09-14,11,30,690,33.1,17.7,5.3,4.1,1.6,0.5,36016200,"33 years, 0 months, 5 days"
203484,Kentavious Caldwell-Pope,Nuggets,Guard,196,93,USA,1993-02-18,9,8,683,29.2,11.6,3.1,1.7,1.1,0.2,13038862,"29 years, 7 months, 1 days"
1630267,Facundo Campazzo,Nuggets,Guard,178,88,Argentina,1991-03-23,3,Undrafted,130,20.1,5.6,1.9,3.5,1.1,0.3,3804150,"31 years, 5 months, 27 days"
1628427,Vlatko Cancar,Nuggets,Forward,203,107,Slovenia,1997-04-10,3,49,70,7.2,2.3,1.3,0.5,0.2,0.1,1782621,"25 years, 5 months, 9 days"
203991,Clint Capela,Hawks,Center,208,116,Switzerland,1994-05-18,8,25,471,26.8,12.4,10.7,1.0,0.7,1.5,17103448,"28 years, 4 months, 1 days"
1630176,Vernon Carey Jr.,Wizards,Forward,206,122,USA,2001-02-25,2,32,26,6.1,2.5,1.5,0.1,0.1,0.2,1517981,"21 years, 6 months, 25 days"
1628975,Jevon Carter,Bucks,Guard,185,91,USA,1995-09-14,4,32,223,14.1,4.4,1.7,1.4,0.6,0.2,4107149,"27 years, 0 months, 5 days"
1628976,Wendell Carter Jr.,Magic,Center,208,122,USA,1999-04-16,4,7,203,27.5,12.2,8.9,2.0,0.6,0.9,6920027,"23 years, 5 months, 3 days"
1627936,Alex Caruso,Bulls,Guard,196,84,USA,1994-02-28,5,Undrafted,225,20.6,6.2,2.5,2.7,1.1,0.3,8604651,"28 years, 6 months, 22 days"
1627737,Marquese Chriss,Rockets,Forward,206,109,USA,1997-07-02,6,8,292,18.3,7.6,4.7,1.0,0.6,0.8,958529,"25 years, 2 months, 17 days"
1630528,Josh Christopher,Rockets,Guard,190,98,USA,2001-12-08,1,24,74,18.0,7.9,2.5,2.0,0.9,0.2,2259240,"20 years, 9 months, 11 days"
1629109,Gary Clark,Pelicans,Forward,198,102,USA,1994-11-16,4,Undrafted,170,13.2,3.1,2.5,0.5,0.3,0.4,377645,"27 years, 10 months, 3 days"
1629634,Brandon Clarke,Grizzlies,Forward,203,98,Canada,1996-09-19,3,21,181,21.9,10.9,5.6,1.4,0.7,0.9,2726880,"26 years, 0 months, 0 days"
203903,Jordan Clarkson,Jazz,Guard,193,88,USA,1992-06-07,8,46,600,27.0,15.4,3.3,2.5,0.9,0.1,12420000,"30 years, 3 months, 12 days"
1629651,Nic Claxton,Nets,Center,211,98,USA,1999-04-17,3,31,94,18.7,7.3,5.0,0.9,0.5,1.1,1782621,"23 years, 5 months, 2 days"
1628381,John Collins,Hawks,Forward,206,103,USA,1997-09-23,5,19,293,29.0,16.5,8.3,1.6,0.6,1.0,23000000,"24 years, 11 months, 27 days"
1628380,Zach Collins,Spurs,Forward,211,113,USA,1997-11-19,4,10,182,17.5,6.0,4.2,1.1,0.3,0.7,6984127,"24 years, 10 months, 0 days"
201144,Mike Conley,Jazz,Guard,185,79,USA,1987-10-11,15,4,958,32.0,14.8,3.0,5.6,1.4,0.2,21000000,"34 years, 11 months, 8 days"
1626192,Pat Connaughton,Bucks,Guard,196,95,USA,1993-01-06,7,41,417,18.5,5.9,3.3,1.2,0.5,0.3,5333333,"29 years, 8 months, 13 days"
202326,DeMarcus Cousins,Nuggets,Center,208,122,USA,1990-08-13,12,5,654,29.8,19.6,10.2,3.0,1.3,1.1,1290481,"32 years, 1 months, 6 days"
203496,Robert Covington,Clippers,Forward,201,95,USA,1990-12-14,9,Undrafted,537,29.9,11.6,5.8,1.5,1.6,1.0,12975471,"31 years, 9 months, 5 days"
1628470,Torrey Craig,Suns,Forward,201,100,USA,1990-12-19,5,Undrafted,300,18.7,5.7,3.6,0.9,0.5,0.5,4878049,"31 years, 9 months, 0 days"
203109,Jae Crowder,Suns,Forward,198,107,USA,1990-07-06,10,34,735,25.3,9.6,4.3,1.6,1.0,0.3,9720900,"32 years, 2 months, 13 days"
1629633,Jarrett Culver,Grizzlies,Guard,198,88,USA,1999-02-20,3,6,134,17.5,6.6,2.7,1.2,0.7,0.4,6395160,"23 years, 6 months, 30 days"
1630595,Cade Cunningham,Pistons,Guard,198,100,USA,2001-09-25,1,1,64,32.6,17.4,5.5,5.6,1.2,0.7,10050120,"20 years, 11 months, 25 days"
203552,Seth Curry,Nets,Guard,188,84,USA,1990-08-23,8,Undrafted,377,25.2,11.3,2.2,2.2,0.7,0.1,8186047,"32 years, 0 months, 27 days"
201939,Stephen Curry,Warriors,Guard,188,84,USA,1988-03-14,13,7,826,34.3,24.3,4.6,6.5,1.7,0.2,45780966,"34 years, 6 months, 5 days"
203076,Anthony Davis,Lakers,Forward,208,115,USA,1993-03-11,10,1,604,34.4,23.8,10.2,2.3,1.4,2.3,35361360,"29 years, 6 months, 8 days"
202334,Ed Davis,Cavaliers,Center,206,99,USA,1989-06-05,13,13,722,19.1,5.9,6.4,0.7,0.5,0.8,2641691,"33 years, 3 months, 14 days"
1629056,Terence Davis,Kings,Guard,193,91,USA,1997-05-16,3,Undrafted,163,17.3,8.5,3.0,1.5,0.7,0.2,4000000,"25 years, 4 months, 3 days"
201942,DeMar DeRozan,Bulls,Guard,198,100,USA,1989-08-07,13,9,957,34.3,20.8,4.4,3.9,1.0,0.3,26000000,"33 years, 1 months, 12 days"
203473,Dewayne Dedmon,Heat,Center,213,111,USA,1989-08-12,9,Undrafted,477,17.8,6.4,5.9,0.7,0.5,0.8,5256308,"33 years, 1 months, 7 days"
1628978,Donte DiVincenzo,Warriors,Guard,193,92,USA,1997-01-31,4,17,201,23.6,9.0,4.6,2.5,1.1,0.2,4675830,"25 years, 7 months, 19 days"
1628977,Hamidou Diallo,Pistons,Guard,196,92,USA,1998-07-31,4,45,207,18.9,8.4,3.9,1.1,0.8,0.3,5200000,"24 years, 1 months, 19 days"
203476,Gorgui Dieng,Spurs,Center,208,112,Senegal,1990-01-18,9,21,597,20.6,7.5,5.7,1.3,0.8,0.9,4000000,"32 years, 8 months, 1 days"
203915,Spencer Dinwiddie,Mavericks,Guard,198,98,USA,1993-04-06,8,38,387,26.4,13.0,3.0,5.0,0.7,0.3,17142857,"29 years, 5 months, 13 days"
1629029,Luka Doncic,Mavericks,Forward,201,104,Slovenia,1999-02-28,4,3,264,33.8,26.4,8.5,8.0,1.1,0.4,10174391,"23 years, 6 months, 22 days"
1629652,Luguentz Dort,Thunder,Guard,190,98,Canada,1999-04-19,3,Undrafted,139,29.0,13.3,3.5,1.5,0.9,0.3,1782621,"23 years, 5 months, 0 days"
1630245,Ayo Dosunmu,Bulls,Guard,193,91,USA,2000-01-17,1,38,77,27.4,8.8,2.8,3.3,0.8,0.4,925258,"22 years, 8 months, 2 days"
201609,Goran Dragic,Bulls,Guard,190,86,Slovenia,1986-05-06,14,45,888,27.9,13.7,3.1,4.8,1.0,0.2,20168742,"36 years, 4 months, 13 days"
203083,Andre Drummond,Bulls,Center,208,127,USA,1993-08-10,10,9,718,29.6,13.8,13.3,1.4,1.4,1.5,2401537,"29 years, 1 months, 9 days"
1630537,Chris Duarte,Pacers,Guard,196,86,Dominican Republic,1997-06-13,1,13,55,28.0,13.1,4.1,2.1,1.0,0.2,3749520,"25 years, 3 months, 6 days"
201142,Kevin Durant,Nets,Forward,208,109,USA,1988-09-29,14,2,939,36.8,27.2,7.1,4.3,1.1,1.1,40918900,"33 years, 11 months, 21 days"
1630162,Anthony Edwards,Timberwolves,Guard,193,102,USA,2001-08-05,2,1,144,33.2,20.3,4.7,3.4,1.3,0.6,10245480,"21 years, 1 months, 14 days"
1629604,CJ Elleby,Timberwolves,Forward,198,91,USA,2000-06-16,2,46,88,15.5,4.6,2.9,1.1,0.5,0.3,1517981,"22 years, 3 months, 3 days"
201961,Wayne Ellington,Lakers,Guard,193,94,USA,1987-11-29,13,28,770,20.9,8.0,2.1,1.1,0.5,0.1,2641691,"34 years, 9 months, 21 days"
203954,Joel Embiid,76ers,Center,213,127,Cameroon,1994-03-16,6,3,328,31.2,26.0,11.4,3.3,0.9,1.7,31579390,"28 years, 6 months, 3 days"
202324,Derrick Favors,Thunder,Forward,206,120,USA,1991-07-15,12,3,790,24.3,10.6,7.1,1.1,0.7,1.2,9720900,"31 years, 2 months, 4 days"
1628981,Bruno Fernando,Rockets,Forward,206,109,Angola,1998-08-15,3,34,119,9.2,3.2,2.8,0.6,0.2,0.3,1782621,"24 years, 1 months, 4 days"
1627827,Dorian Finney-Smith,Mavericks,Forward,201,100,USA,1993-05-04,6,Undrafted,394,27.3,8.2,4.5,1.4,0.8,0.4,4000000,"29 years, 4 months, 15 days"
1630238,Malik Fitts,Celtics,Forward,196,104,USA,1997-07-04,3,Undrafted,18,4.1,1.3,1.1,0.3,0.0,0.0,85578,"25 years, 2 months, 15 days"
1630201,Malachi Flynn,Raptors,Guard,185,79,USA,1998-05-09,2,29,91,16.1,6.0,2.0,2.3,0.6,0.1,2048040,"24 years, 4 months, 10 days"
203095,Evan Fournier,Knicks,Guard,198,93,France,1992-10-29,10,20,645,28.6,14.3,2.7,2.6,0.9,0.2,18139535,"29 years, 10 months, 21 days"
1628368,De'Aaron Fox,Kings,Guard,190,84,USA,1997-12-20,5,5,322,32.1,19.1,3.5,6.2,1.3,0.4,28103550,"24 years, 8 months, 30 days"
1628365,Markelle Fultz,Magic,Guard,193,95,USA,1998-05-29,5,1,131,24.8,10.9,3.2,4.8,1.1,0.2,16500000,"24 years, 3 months, 21 days"
1629655,Daniel Gafford,Wizards,Forward,206,106,USA,1998-10-01,3,38,169,16.8,7.6,4.4,0.7,0.4,1.4,1782621,"23 years, 11 months, 18 days"
201568,Danilo Gallinari,Celtics,Forward,208,107,Italy,1988-08-08,13,6,728,29.9,15.6,4.8,1.9,0.7,0.4,20475000,"34 years, 1 months, 11 days"
1629636,Darius Garland,Cavaliers,Guard,185,87,USA,2000-01-26,3,5,181,33.4,17.4,2.6,6.3,1.1,0.1,7040880,"22 years, 7 months, 24 days"
1630586,Usman Garuba,Rockets,Forward,203,104,Spain,2002-03-09,1,23,24,10.0,2.0,3.5,0.7,0.4,0.5,2353320,"20 years, 6 months, 10 days"
1630568,Luka Garza,Timberwolves,Center,208,110,USA,1998-12-27,1,52,32,12.2,5.8,3.1,0.6,0.3,0.2,925258,"23 years, 8 months, 23 days"
200752,Rudy Gay,Jazz,Forward,203,113,USA,1986-08-17,16,8,1064,31.7,16.3,5.8,2.1,1.1,0.7,5890000,"36 years, 1 months, 2 days"
202331,Paul George,Clippers,Forward,203,100,USA,1990-05-02,12,10,737,33.6,20.4,6.4,3.6,1.7,0.4,39344970,"32 years, 4 months, 17 days"
201959,Taj Gibson,Wizards,Forward,206,105,USA,1985-06-24,13,26,896,24.5,9.0,6.1,1.0,0.6,1.0,4910000,"37 years, 2 months, 26 days"
1630581,Josh Giddey,Thunder,Guard,203,93,Australia,2002-10-10,1,6,54,31.5,12.5,7.8,6.4,0.9,0.4,5988000,"19 years, 11 months, 9 days"
1628983,Shai Gilgeous-Alexander,Thunder,Guard,198,82,Canada,1998-07-12,4,11,243,31.8,18.2,4.5,4.3,1.1,0.7,5495532,"24 years, 2 months, 7 days"
1630264,Anthony Gill,Wizards,Forward,201,104,USA,1992-10-17,2,Undrafted,70,9.7,3.7,1.9,0.5,0.2,0.2,1517981,"29 years, 11 months, 2 days"
203497,Rudy Gobert,Timberwolves,Center,216,117,France,1992-06-26,9,27,611,30.0,12.4,11.7,1.3,0.7,2.2,35344828,"30 years, 2 months, 24 days"
203932,Aaron Gordon,Nuggets,Forward,203,107,USA,1995-09-16,8,4,528,28.9,13.0,6.3,2.5,0.7,0.6,16409091,"27 years, 0 months, 3 days"
201569,Eric Gordon,Rockets,Guard,190,98,USA,1988-12-25,14,7,749,32.4,16.4,2.4,2.8,0.9,0.3,18218818,"33 years, 8 months, 25 days"
1628984,Devonte' Graham,Pelicans,Guard,185,88,USA,1995-02-22,4,34,240,27.9,12.8,2.5,5.0,0.9,0.1,11000000,"27 years, 6 months, 28 days"
203924,Jerami Grant,Trail Blazers,Forward,203,95,USA,1994-03-12,8,39,555,26.0,11.4,3.9,1.3,0.6,1.1,20000000,"28 years, 6 months, 7 days"
201980,Danny Green,Grizzlies,Guard,198,98,USA,1987-06-22,13,46,819,25.3,8.7,3.4,1.6,1.0,0.8,10000000,"35 years, 2 months, 28 days"
203110,Draymond Green,Warriors,Forward,198,104,USA,1990-03-04,10,35,685,28.5,8.7,6.9,5.4,1.4,1.0,24026712,"32 years, 6 months, 15 days"
203210,JaMychal Green,Warriors,Forward,203,103,USA,1990-06-21,8,Undrafted,487,20.8,7.9,5.7,0.9,0.6,0.4,8292683,"32 years, 2 months, 29 days"
1630224,Jalen Green,Rockets,Guard,193,84,USA,2002-02-09,1,2,67,31.9,17.3,3.4,2.6,0.7,0.3,8992200,"20 years, 7 months, 10 days"
1629750,Javonte Green,Bulls,Guard,196,93,USA,1993-07-23,3,Undrafted,154,16.0,5.0,2.9,0.7,0.8,0.3,1669178,"29 years, 1 months, 27 days"
201145,Jeff Green,Nuggets,Forward,203,107,USA,1986-08-28,14,5,1051,29.0,12.6,4.3,1.5,0.7,0.5,4500000,"36 years, 0 months, 22 days"
1630182,Josh Green,Mavericks,Guard,196,91,Australia,2000-11-16,2,18,106,14.0,4.0,2.3,1.0,0.6,0.2,2957520,"21 years, 10 months, 3 days"
201933,Blake Griffin,Nets,Forward,206,113,USA,1989-03-16,12,1,724,32.9,19.8,8.2,4.1,0.8,0.5,32405817,"33 years, 6 months, 3 days"
1629656,Quentin Grimes,Knicks,Guard,193,95,USA,2000-05-08,1,25,46,17.1,6.0,2.0,1.0,0.7,0.2,2168760,"22 years, 4 months, 11 days"
1629060,Rui Hachimura,Wizards,Forward,203,104,Japan,1998-02-08,3,9,147,28.5,13.0,5.2,1.5,0.7,0.2,4916160,"24 years, 7 months, 11 days"
1630169,Tyrese Haliburton,Pacers,Guard,196,84,USA,2000-02-29,2,12,135,32.9,14.3,3.6,6.9,1.6,0.6,4023600,"22 years, 6 months, 21 days"
1630181,R.J. Hampton,Magic,Guard,193,79,USA,2001-02-07,2,24,115,19.9,7.3,3.2,2.1,0.5,0.2,2303040,"21 years, 7 months, 12 days"
203501,Tim Hardaway Jr.,Mavericks,Guard,196,93,USA,1992-03-16,9,24,586,27.0,13.9,2.8,1.9,0.6,0.1,21306816,"30 years, 6 months, 3 days"
201935,James Harden,76ers,Guard,196,100,USA,1989-08-26,13,3,942,34.6,24.9,5.6,6.8,1.5,0.5,43848000,"33 years, 0 months, 24 days"
203090,Maurice Harkless,Hawks,Forward,201,100,USA,1993-05-11,10,15,621,22.6,6.9,3.5,0.9,0.9,0.6,4347600,"29 years, 4 months, 8 days"
1626149,Montrezl Harrell,Hornets,Forward,201,109,USA,1994-01-26,7,32,458,21.5,12.9,5.3,1.4,0.6,0.8,9720900,"28 years, 7 months, 24 days"
203914,Gary Harris,Magic,Guard,193,95,USA,1994-09-14,8,19,468,28.8,11.8,2.5,2.1,1.2,0.2,20482143,"28 years, 0 months, 5 days"
203925,Joe Harris,Nets,Guard,198,100,USA,1991-09-06,8,33,414,25.6,11.1,3.2,1.6,0.5,0.2,17357143,"31 years, 0 months, 13 days"
202699,Tobias Harris,76ers,Forward,201,103,USA,1992-07-15,11,19,753,31.4,16.4,6.2,2.3,0.7,0.5,36000000,"30 years, 2 months, 4 days"
1628404,Josh Hart,Trail Blazers,Guard,196,98,USA,1995-03-06,5,30,296,27.3,9.9,5.7,2.1,0.9,0.4,12000000,"27 years, 6 months, 13 days"
1628392,Isaiah Hartenstein,Knicks,Center,213,113,Germany,1998-05-05,4,43,165,13.7,5.8,3.9,1.5,0.5,0.8,3430810,"24 years, 4 months, 14 days"
2617,Udonis Haslem,Heat,Forward,203,107,USA,1980-06-09,19,Undrafted,872,24.8,7.5,6.6,0.8,0.5,0.3,2641691,"42 years, 3 months, 10 days"
1630573,Sam Hauser,Celtics,Forward,201,98,USA,1997-12-08,1,Undrafted,26,6.1,2.5,1.1,0.4,0.0,0.1,313737,"24 years, 9 months, 11 days"
1629637,Jaxson Hayes,Pelicans,Center,211,100,USA,2000-05-23,3,8,194,17.7,8.1,4.3,0.7,0.4,0.8,5348280,"22 years, 3 months, 27 days"
1630165,Killian Hayes,Pistons,Guard,196,88,France,2001-07-27,2,7,92,25.2,6.8,3.0,4.5,1.1,0.5,5572680,"21 years, 1 months, 23 days"
202330,Gordon Hayward,Hornets,Forward,201,102,USA,1990-03-23,12,9,734,31.1,15.6,4.5,3.5,1.0,0.4,29900000,"32 years, 5 months, 27 days"
1627823,Juancho Hernangomez,Raptors,Forward,206,97,Spain,1995-09-28,6,15,297,15.7,5.4,3.4,0.6,0.4,0.2,6175440,"26 years, 11 months, 22 days"
1626195,Willy Hernangomez,Pelicans,Center,211,113,Spain,1994-05-27,6,35,306,15.3,7.4,5.9,1.1,0.4,0.4,2327220,"28 years, 3 months, 23 days"
1629639,Tyler Herro,Heat,Guard,196,88,USA,2000-01-20,3,13,175,30.3,16.7,4.7,3.2,0.6,0.2,4004280,"22 years, 7 months, 30 days"
1627741,Buddy Hield,Pacers,Guard,193,100,Bahamas,1992-12-17,6,6,468,29.2,15.9,4.3,2.5,0.8,0.3,22477273,"29 years, 9 months, 2 days"
1629312,Haywood Highsmith,Heat,Forward,193,100,USA,1996-12-09,2,,24,8.5,2.2,1.3,0.3,0.1,0.1,85578,"25 years, 9 months, 10 days"
201588,George Hill,Bucks,Guard,193,85,USA,1986-05-04,14,26,869,27.2,10.7,3.0,3.1,0.9,0.3,4000000,"36 years, 4 months, 15 days"
1628988,Aaron Holiday,Hawks,Guard,183,84,USA,1996-09-30,4,23,245,18.2,7.3,1.8,2.4,0.7,0.2,3980551,"25 years, 11 months, 20 days"
201950,Jrue Holiday,Bucks,Guard,190,93,USA,1990-06-12,13,17,839,33.2,16.2,4.0,6.4,1.5,0.5,30133333,"32 years, 3 months, 7 days"
203200,Justin Holiday,Hawks,Forward,198,82,USA,1989-04-05,9,Undrafted,576,24.6,8.7,3.0,1.5,1.0,0.4,6006420,"33 years, 5 months, 14 days"
1626158,Richaun Holmes,Kings,Forward,208,107,USA,1993-10-15,7,37,376,21.1,9.6,5.8,1.1,0.6,1.1,10384500,"28 years, 11 months, 4 days"
203918,Rodney Hood,Clippers,Guard,203,94,USA,1992-10-20,8,23,448,24.5,10.4,2.6,1.6,0.7,0.2,2239544,"29 years, 10 months, 30 days"
201143,Al Horford,Celtics,Center,206,109,Dominican Republic,1986-06-03,15,3,950,32.2,13.7,8.2,3.3,0.8,1.2,27000000,"36 years, 3 months, 16 days"
1629659,Talen Horton-Tucker,Jazz,Guard,193,106,USA,2000-11-25,3,46,131,22.1,9.3,2.8,2.6,1.0,0.4,9500000,"21 years, 9 months, 25 days"
1627863,Danuel House Jr.,76ers,Forward,198,100,USA,1993-06-07,6,Undrafted,204,24.4,8.5,3.6,1.3,0.7,0.4,2045094,"29 years, 3 months, 12 days"
2730,Dwight Howard,Lakers,Center,208,120,USA,1985-12-08,18,1,1242,31.8,15.7,11.8,1.3,0.9,1.8,2641691,"36 years, 9 months, 11 days"
1628989,Kevin Huerter,Kings,Guard,201,90,USA,1998-08-27,4,19,274,29.6,11.4,3.5,3.2,0.9,0.4,4253357,"24 years, 0 months, 23 days"
1630190,Elijah Hughes,Trail Blazers,Guard,196,98,USA,1998-03-10,2,39,54,9.2,2.9,1.2,0.5,0.3,0.2,1517981,"24 years, 6 months, 9 days"
1629631,De'Andre Hunter,Hawks,Forward,203,100,USA,1997-12-02,3,4,139,30.7,13.2,4.1,1.6,0.7,0.4,7775400,"24 years, 9 months, 17 days"
1630538,Bones Hyland,Nuggets,Guard,188,77,USA,2000-09-14,1,26,69,19.0,10.1,2.7,2.8,0.6,0.3,2096880,"22 years, 0 months, 5 days"
201586,Serge Ibaka,Bucks,Forward,208,107,Republic of the Congo,1989-09-18,13,24,903,27.6,12.1,7.2,0.8,0.4,1.9,9742000,"33 years, 0 months, 1 days"
2738,Andre Iguodala,Warriors,Guard,198,98,USA,1984-01-28,18,9,1223,32.2,11.4,4.9,4.2,1.4,0.5,2641691,"38 years, 7 months, 22 days"
204060,Joe Ingles,Bucks,Forward,203,100,Australia,1987-10-02,8,Undrafted,590,25.7,8.6,3.2,3.8,0.9,0.2,14000000,"34 years, 11 months, 17 days"
1627742,Brandon Ingram,Pelicans,Forward,203,86,USA,1997-09-02,6,2,368,32.8,18.5,5.2,3.8,0.7,0.6,29467800,"25 years, 0 months, 17 days"
202681,Kyrie Irving,Nets,Guard,188,88,Australia,1992-03-23,11,1,611,34.0,23.1,3.8,5.7,1.3,0.4,34916200,"30 years, 5 months, 27 days"
1628371,Jonathan Isaac,Magic,Forward,208,104,USA,1997-10-03,3,6,136,25.8,9.3,5.4,1.1,1.1,1.5,17400000,"24 years, 11 months, 16 days"
1628402,Frank Jackson,Pistons,Guard,190,93,USA,1998-05-04,4,31,213,18.2,8.5,1.8,1.0,0.4,0.1,3000000,"24 years, 4 months, 15 days"
1630543,Isaiah Jackson,Pacers,Forward,208,93,USA,2002-01-10,1,22,36,15.0,8.3,4.1,0.3,0.7,1.4,2451120,"20 years, 8 months, 9 days"
1628367,Josh Jackson,Raptors,Guard,203,94,USA,1997-02-10,5,4,291,23.1,11.3,4.0,1.8,0.9,0.6,5005350,"25 years, 7 months, 9 days"
202704,Reggie Jackson,Clippers,Guard,188,94,USA,1990-04-16,11,24,703,25.6,13.1,3.0,4.3,0.7,0.1,10384500,"32 years, 5 months, 3 days"
1628991,Jaren Jackson Jr.,Grizzlies,Forward,211,110,USA,1999-09-15,4,4,204,27.1,15.8,5.1,1.2,0.9,1.8,9180560,"23 years, 0 months, 4 days"
2544,LeBron James,Lakers,Forward,206,113,USA,1984-12-30,19,1,1366,38.2,27.1,7.5,7.4,1.6,0.8,41180544,"37 years, 8 months, 20 days"
1629660,Ty Jerome,Thunder,Guard,196,88,USA,1997-07-08,3,24,112,17.1,7.1,1.9,2.4,0.6,0.1,2412840,"25 years, 2 months, 11 days"
1630198,Isaiah Joe,76ers,Guard,193,75,USA,1999-07-02,2,49,96,10.3,3.7,1.0,0.6,0.3,0.1,1517981,"23 years, 2 months, 17 days"
1629661,Cameron Johnson,Suns,Forward,203,95,USA,1996-03-03,3,11,183,24.2,10.4,3.6,1.4,0.7,0.3,4437000,"26 years, 6 months, 16 days"
1630552,Jalen Johnson,Hawks,Forward,203,99,USA,2001-12-18,1,20,22,5.5,2.4,1.2,0.1,0.1,0.1,2659560,"20 years, 9 months, 1 days"
1629640,Keldon Johnson,Spurs,Forward,198,100,USA,1999-10-11,3,29,161,28.9,14.4,5.8,1.8,0.7,0.2,2145720,"22 years, 11 months, 8 days"
1630553,Keon Johnson,Trail Blazers,Guard,193,84,USA,2002-03-10,1,21,37,18.8,7.2,2.2,2.1,0.8,0.3,2553120,"20 years, 6 months, 9 days"
1626169,Stanley Johnson,Jazz,Forward,198,110,USA,1996-05-29,7,8,419,20.1,6.3,3.1,1.5,0.9,0.2,888616,"26 years, 3 months, 21 days"
203999,Nikola Jokic,Nuggets,Center,211,129,Serbia,1995-02-19,7,41,527,30.4,19.7,10.4,6.2,1.2,0.7,30510423,"27 years, 7 months, 0 days"
1627745,Damian Jones,Lakers,Center,211,111,USA,1995-06-30,6,30,199,15.2,5.6,3.4,0.8,0.4,0.7,1977011,"27 years, 2 months, 20 days"
1630529,Herbert Jones,Pelicans,Forward,201,93,USA,1998-10-06,1,35,78,29.9,9.5,3.8,2.1,1.7,0.8,1700000,"23 years, 11 months, 13 days"
1630539,Kai Jones,Hornets,Center,208,100,Bahamas,2001-01-19,1,19,21,3.0,1.0,0.5,0.2,0.0,0.1,2770560,"21 years, 8 months, 0 days"
1630200,Tre Jones,Spurs,Guard,185,84,USA,2000-01-08,2,41,106,13.4,4.8,1.7,2.6,0.5,0.1,1517981,"22 years, 8 months, 11 days"
1626145,Tyus Jones,Grizzlies,Guard,183,89,USA,1996-05-10,7,24,455,18.4,6.2,1.8,3.7,1.0,0.1,7522200,"26 years, 4 months, 9 days"
1627884,Derrick Jones Jr.,Bulls,Forward,198,95,USA,1997-02-15,6,Undrafted,280,19.8,6.5,3.4,0.7,0.7,0.7,9720900,"25 years, 7 months, 4 days"
201599,DeAndre Jordan,Nuggets,Center,211,120,USA,1988-07-21,14,35,980,26.7,9.1,10.3,1.0,0.5,1.5,10517224,"34 years, 1 months, 29 days"
202709,Cory Joseph,Pistons,Guard,190,91,Canada,1991-08-20,11,29,728,22.2,7.1,2.6,3.0,0.8,0.2,7310000,"31 years, 0 months, 30 days"
1628379,Luke Kennard,Clippers,Guard,196,93,USA,1996-06-24,5,12,297,23.5,10.0,2.9,2.0,0.5,0.1,12727273,"26 years, 2 months, 26 days"
1630557,Corey Kispert,Wizards,Forward,198,102,USA,1999-03-03,1,15,77,23.4,8.2,2.7,1.1,0.5,0.3,3383640,"23 years, 6 months, 16 days"
1628467,Maxi Kleber,Mavericks,Forward,208,109,Germany,1992-01-29,5,Undrafted,326,22.7,7.1,4.8,1.1,0.4,0.9,8750000,"30 years, 7 months, 21 days"
1629723,John Konchar,Grizzlies,Guard,196,95,USA,1996-03-22,3,Undrafted,134,15.3,4.4,3.8,1.3,0.6,0.3,2197674,"26 years, 5 months, 28 days"
1627788,Furkan Korkmaz,76ers,Guard,201,92,Turkey,1997-07-24,5,26,256,18.7,7.9,2.2,1.3,0.6,0.1,4629630,"25 years, 1 months, 26 days"
1628436,Luke Kornet,Celtics,Center,218,113,USA,1995-07-15,5,Undrafted,148,14.3,5.5,2.6,1.0,0.3,0.8,606702,"27 years, 2 months, 4 days"
1630249,Vit Krejci,Thunder,Guard,203,88,Czech Republic,2000-06-19,1,37,30,23.0,6.2,3.4,1.9,0.6,0.3,925258,"22 years, 3 months, 0 days"
1630228,Jonathan Kuminga,Warriors,Forward,201,102,DRC,2002-10-06,1,7,70,16.9,9.3,3.3,0.9,0.4,0.3,5466360,"19 years, 11 months, 13 days"
1628398,Kyle Kuzma,Wizards,Forward,206,100,USA,1995-07-24,5,27,342,30.4,15.6,6.2,2.2,0.6,0.5,13000000,"27 years, 1 months, 26 days"
203897,Zach LaVine,Bulls,Guard,196,91,USA,1995-03-10,8,13,478,31.8,19.8,3.9,3.9,0.9,0.3,19500000,"27 years, 6 months, 9 days"
203087,Jeremy Lamb,Kings,Guard,196,82,USA,1992-05-30,10,12,573,20.8,10.1,3.6,1.6,0.7,0.4,10500000,"30 years, 3 months, 20 days"
1629111,Jock Landale,Suns,Center,211,116,Australia,1995-10-25,1,Undrafted,54,10.9,4.9,2.6,0.8,0.2,0.3,925258,"26 years, 10 months, 25 days"
1629641,Romeo Langford,Spurs,Guard,196,98,USA,1999-10-25,3,14,98,14.5,3.6,1.9,0.5,0.4,0.3,3804360,"22 years, 10 months, 25 days"
1627774,Jake Layman,Timberwolves,Forward,203,95,USA,1994-03-07,6,47,243,12.8,4.8,1.7,0.5,0.4,0.3,3940184,"28 years, 6 months, 12 days"
1627747,Caris LeVert,Cavaliers,Guard,198,93,USA,1994-08-25,6,20,318,27.5,14.6,3.8,4.0,1.1,0.3,17500000,"28 years, 0 months, 25 days"
1627814,Damion Lee,Suns,Guard,196,95,USA,1992-10-21,5,Undrafted,216,21.0,8.2,3.5,1.4,0.7,0.1,1910860,"29 years, 10 months, 29 days"
1630240,Saben Lee,Pistons,Guard,188,83,USA,1999-06-23,2,38,85,16.3,5.6,2.2,3.3,0.8,0.3,1489065,"23 years, 2 months, 27 days"
203458,Alex Len,Kings,Center,213,113,Ukraine,1993-06-16,9,5,570,18.9,7.7,5.9,0.9,0.4,1.0,3731707,"29 years, 3 months, 3 days"
202695,Kawhi Leonard,Clippers,Forward,201,102,USA,1991-06-29,10,15,576,31.3,19.2,6.4,2.9,1.8,0.6,39344900,"31 years, 2 months, 21 days"
1630184,Kira Lewis Jr.,Pelicans,Guard,185,77,USA,2001-04-06,2,13,78,16.0,6.2,1.4,2.2,0.6,0.1,3822240,"21 years, 5 months, 13 days"
203081,Damian Lillard,Trail Blazers,Guard,188,88,USA,1990-07-15,10,6,711,36.3,24.6,4.2,6.6,1.0,0.3,39344900,"32 years, 2 months, 4 days"
1629642,Nassir Little,Trail Blazers,Forward,196,100,USA,2000-02-11,3,25,138,16.7,5.8,3.4,0.7,0.3,0.5,2316240,"22 years, 7 months, 8 days"
1630587,Isaiah Livers,Pistons,Forward,198,105,USA,1998-07-28,1,42,19,20.2,6.4,3.0,1.1,0.7,0.4,1057260,"24 years, 1 months, 22 days"
1626172,Kevon Looney,Warriors,Forward,206,101,USA,1996-02-06,7,30,367,16.4,4.7,4.8,1.4,0.5,0.6,5178572,"26 years, 7 months, 13 days"
201572,Brook Lopez,Bucks,Center,213,128,USA,1988-04-01,14,10,868,30.2,16.4,6.2,1.4,0.6,1.8,13302325,"34 years, 5 months, 18 days"
201577,Robin Lopez,Cavaliers,Center,213,127,USA,1988-04-01,14,15,939,21.9,8.7,4.9,0.8,0.2,1.1,5000000,"34 years, 5 months, 18 days"
1629712,Didi Louzada,Trail Blazers,Guard,196,85,Brazil,1999-07-02,3,35,12,15.5,3.6,1.7,0.7,0.3,0.2,1786878,"23 years, 2 months, 17 days"
201567,Kevin Love,Cavaliers,Forward,203,114,USA,1988-09-07,14,5,812,30.9,17.6,10.7,2.4,0.7,0.4,31300000,"34 years, 0 months, 12 days"
200768,Kyle Lowry,Heat,Guard,183,89,USA,1986-03-25,16,24,1023,31.9,14.8,4.4,6.3,1.3,0.3,26984128,"36 years, 5 months, 25 days"
1627789,Timothe Luwawu-Cabarrot,Hawks,Guard,201,98,France,1995-05-09,6,24,328,16.0,5.9,2.0,0.9,0.4,0.1,1939350,"27 years, 4 months, 10 days"
1626168,Trey Lyles,Kings,Forward,206,106,Canada,1995-11-05,7,12,449,18.3,7.8,4.3,1.1,0.4,0.3,2500000,"26 years, 10 months, 14 days"
1630177,Theo Maledon,Thunder,Guard,193,79,France,2001-06-12,2,34,116,23.2,8.8,2.9,2.9,0.8,0.2,2000000,"21 years, 3 months, 7 days"
1629611,Terance Mann,Clippers,Guard,196,98,USA,1996-10-18,3,48,189,20.9,7.6,3.8,1.9,0.5,0.2,1782621,"25 years, 11 months, 1 days"
1630544,Tre Mann,Thunder,Guard,190,81,USA,2001-02-03,1,18,60,22.8,10.4,2.9,1.5,0.8,0.2,2901240,"21 years, 7 months, 16 days"
1626246,Boban Marjanovic,Rockets,Center,221,132,Serbia,1988-08-15,7,Undrafted,286,9.2,5.9,3.8,0.5,0.2,0.3,3500000,"34 years, 1 months, 4 days"
1628374,Lauri Markkanen,Jazz,Forward,211,109,Finland,1997-05-22,5,7,282,29.7,15.4,6.8,1.3,0.7,0.5,15690909,"25 years, 3 months, 28 days"
1630230,Naji Marshall,Pelicans,Forward,201,100,USA,1998-01-24,2,Undrafted,87,16.5,6.4,3.3,1.7,0.7,0.2,1517981,"24 years, 7 months, 26 days"
1628997,Caleb Martin,Heat,Forward,196,93,USA,1995-09-28,3,Undrafted,131,19.1,7.1,3.1,1.2,0.8,0.4,527614,"26 years, 11 months, 22 days"
1628998,Cody Martin,Hornets,Forward,198,93,USA,1995-09-28,3,36,171,21.2,5.8,3.5,2.1,1.0,0.3,1782621,"26 years, 11 months, 22 days"
1630231,Kenyon Martin Jr.,Rockets,Forward,196,98,USA,2001-01-06,2,52,124,22.0,9.0,4.3,1.2,0.5,0.7,1517981,"21 years, 8 months, 13 days"
1629726,Garrison Mathews,Rockets,Guard,196,98,USA,1996-10-24,3,Undrafted,147,20.3,7.5,2.0,0.7,0.6,0.2,1093598,"25 years, 10 months, 26 days"
202083,Wesley Matthews,Bucks,Guard,193,100,USA,1986-10-14,13,Undrafted,898,30.5,12.2,2.9,2.0,1.0,0.2,1958501,"35 years, 11 months, 5 days"
1630178,Tyrese Maxey,76ers,Guard,188,91,USA,2000-11-04,2,21,136,26.4,13.2,2.5,3.2,0.6,0.3,2602920,"21 years, 10 months, 15 days"
1630540,Miles McBride,Knicks,Guard,185,88,USA,2000-09-08,1,36,40,9.3,2.2,1.1,1.0,0.4,0.0,925258,"22 years, 0 months, 11 days"
203468,CJ McCollum,Pelicans,Guard,190,86,USA,1991-09-19,9,10,590,31.6,19.2,3.5,3.5,0.9,0.4,30864198,"31 years, 0 months, 0 days"
204456,T.J. McConnell,Pacers,Guard,185,86,USA,1992-03-25,7,,481,22.2,6.9,3.0,5.0,1.3,0.2,7500000,"30 years, 5 months, 25 days"
1630183,Jaden McDaniels,Timberwolves,Forward,206,84,USA,2000-09-29,2,28,133,24.9,8.1,3.9,1.1,0.7,0.9,2063280,"21 years, 11 months, 21 days"
1629667,Jalen McDaniels,Hornets,Forward,206,93,USA,1998-01-31,3,52,118,17.7,6.6,3.4,1.1,0.5,0.4,1782621,"24 years, 7 months, 19 days"
203926,Doug McDermott,Spurs,Forward,201,102,USA,1992-01-03,8,11,527,20.9,9.2,2.3,0.9,0.2,0.1,13750000,"30 years, 8 months, 16 days"
201580,JaVale McGee,Mavericks,Center,213,122,USA,1988-01-19,14,18,821,17.0,8.0,5.3,0.4,0.4,1.5,5000000,"34 years, 8 months, 0 days"
203585,Rodney McGruder,Pistons,Guard,193,93,USA,1991-07-29,6,Undrafted,285,19.8,5.8,2.8,1.2,0.5,0.2,1939350,"31 years, 1 months, 21 days"
1629162,Jordan McLaughlin,Timberwolves,Guard,180,84,USA,1996-04-09,3,Undrafted,143,17.0,5.0,1.8,3.5,1.0,0.1,1669178,"26 years, 5 months, 10 days"
203463,Ben McLemore,Trail Blazers,Guard,190,88,USA,1993-02-11,9,7,556,22.5,9.0,2.3,1.0,0.6,0.2,2389641,"29 years, 7 months, 8 days"
1629001,De'Anthony Melton,76ers,Guard,188,91,USA,1998-05-28,4,46,235,20.7,8.4,3.6,2.8,1.3,0.5,8437500,"24 years, 3 months, 22 days"
1629002,Chimezie Metu,Kings,Forward,206,102,USA,1997-03-22,4,49,143,14.1,6.1,3.6,0.8,0.5,0.4,1762796,"25 years, 5 months, 28 days"
203114,Khris Middleton,Bucks,Forward,201,101,USA,1991-08-12,10,39,651,31.8,17.1,4.9,3.8,1.2,0.2,35500000,"31 years, 1 months, 7 days"
201988,Patty Mills,Nets,Guard,183,82,Australia,1988-08-11,13,55,820,20.7,9.2,1.7,2.3,0.7,0.1,5890000,"34 years, 1 months, 8 days"
200794,Paul Millsap,76ers,Forward,201,117,USA,1985-02-10,16,47,1085,28.1,13.4,7.1,2.2,1.2,1.0,2641691,"37 years, 7 months, 9 days"
1629003,Shake Milton,76ers,Guard,196,93,USA,1996-09-26,4,54,178,20.9,9.7,2.3,2.6,0.5,0.3,1846738,"25 years, 11 months, 24 days"
1630558,Davion Mitchell,Kings,Guard,183,92,USA,1998-09-05,1,9,75,27.7,11.5,2.2,4.2,0.7,0.3,4603320,"24 years, 0 months, 14 days"
1628378,Donovan Mitchell,Cavaliers,Guard,185,98,USA,1996-09-07,5,13,345,33.7,23.9,4.2,4.5,1.3,0.3,28103550,"26 years, 0 months, 12 days"
1630596,Evan Mobley,Cavaliers,Center,211,98,USA,2001-06-18,1,3,69,33.8,15.0,8.3,2.5,0.8,1.7,8075160,"21 years, 3 months, 1 days"
1628370,Malik Monk,Kings,Guard,190,91,USA,1998-02-04,5,11,309,20.4,10.3,2.3,2.0,0.5,0.2,1789256,"24 years, 7 months, 15 days"
1630541,Moses Moody,Warriors,Guard,196,96,USA,2002-05-31,1,14,52,11.7,4.4,1.5,0.4,0.1,0.2,3562080,"20 years, 3 months, 19 days"
1629630,Ja Morant,Grizzlies,Guard,190,79,USA,1999-08-10,3,2,187,32.2,21.2,4.5,7.1,1.0,0.3,9603360,"23 years, 1 months, 9 days"
202693,Markieff Morris,Nets,Forward,206,111,USA,1989-09-02,11,13,715,24.8,10.9,5.2,1.6,0.8,0.5,2641691,"33 years, 0 months, 17 days"
1628420,Monte Morris,Wizards,Guard,188,83,USA,1995-06-27,5,51,280,25.2,10.5,2.3,3.7,0.8,0.2,8333333,"27 years, 2 months, 23 days"
1630530,Trey Murphy III,Pelicans,Forward,203,93,USA,2000-06-18,1,17,62,13.9,5.4,2.4,0.6,0.4,0.1,3053760,"22 years, 3 months, 1 days"
1627749,Dejounte Murray,Hawks,Guard,193,82,USA,1996-09-19,5,29,320,25.8,12.5,6.0,4.8,1.4,0.3,15428571,"26 years, 0 months, 0 days"
1627750,Jamal Murray,Nuggets,Guard,190,98,Canada,1997-02-23,5,7,345,30.1,16.3,3.6,3.8,1.0,0.3,31590000,"25 years, 6 months, 27 days"
203488,Mike Muscala,Thunder,Forward,208,109,USA,1991-07-01,9,44,432,15.5,6.2,3.2,0.9,0.3,0.5,3500000,"31 years, 2 months, 18 days"
1629004,Svi Mykhailiuk,Raptors,Guard,201,93,Ukraine,1997-06-10,5,47,220,17.0,6.6,1.8,1.4,0.6,0.1,1729217,"25 years, 3 months, 9 days"
1626204,Larry Nance Jr.,Pelicans,Forward,201,111,USA,1993-01-01,7,27,396,24.1,8.1,6.5,1.9,1.2,0.5,10690909,"29 years, 8 months, 18 days"
1630174,Aaron Nesmith,Pacers,Guard,196,98,USA,1999-10-16,2,14,98,12.7,4.2,2.2,0.5,0.4,0.1,3631200,"22 years, 11 months, 3 days"
203526,Raul Neto,Cavaliers,Guard,188,82,Brazil,1992-05-19,7,47,387,16.2,6.0,1.6,2.2,0.7,0.1,2089448,"30 years, 4 months, 0 days"
1627777,Georges Niang,76ers,Forward,201,104,USA,1993-06-17,6,50,305,14.6,6.1,2.0,0.8,0.3,0.1,3300000,"29 years, 3 months, 2 days"
1630227,Daishen Nix,Rockets,Guard,193,103,USA,2002-02-13,1,Undrafted,24,10.9,3.2,1.4,1.7,0.6,0.0,292466,"20 years, 7 months, 6 days"
1630192,Zeke Nnaji,Nuggets,Forward,206,109,USA,2001-01-09,2,22,83,13.2,4.9,2.6,0.3,0.3,0.2,2498760,"21 years, 8 months, 10 days"
203457,Nerlens Noel,Pistons,Center,211,100,USA,1994-04-10,8,6,450,22.4,7.3,6.2,1.1,1.3,1.5,8800000,"28 years, 5 months, 9 days"
1629669,Jaylen Nowell,Timberwolves,Guard,193,91,USA,1999-07-09,3,43,119,15.8,8.1,1.9,1.8,0.4,0.2,1782621,"23 years, 2 months, 10 days"
1628373,Frank Ntilikina,Mavericks,Guard,193,91,France,1998-07-28,5,8,269,17.9,5.2,1.8,2.3,0.7,0.2,1789256,"24 years, 1 months, 22 days"
1629134,Kendrick Nunn,Lakers,Guard,188,86,USA,1995-08-03,2,Undrafted,123,29.4,15.0,2.9,3.0,0.9,0.2,5000000,"27 years, 1 months, 16 days"
203994,Jusuf Nurkic,Trail Blazers,Center,211,132,Bosnia and Herzegovina,1994-08-23,8,16,411,23.9,12.2,8.5,2.2,0.9,1.2,12000000,"28 years, 0 months, 27 days"
1628021,David Nwaba,Rockets,Guard,196,99,USA,1993-01-14,6,Undrafted,237,19.3,6.8,3.7,1.0,0.7,0.4,4650000,"29 years, 8 months, 5 days"
1629670,Jordan Nwora,Bucks,Forward,203,102,USA,1998-09-09,2,45,92,15.9,7.2,3.1,0.7,0.5,0.3,1517981,"24 years, 0 months, 10 days"
1626220,Royce O'Neale,Nets,Forward,196,103,USA,1993-06-05,5,Undrafted,370,25.7,6.2,4.8,2.1,0.8,0.4,8678571,"29 years, 3 months, 14 days"
1629643,Chuma Okeke,Magic,Forward,198,104,USA,1998-08-18,2,16,115,25.1,8.3,4.6,1.9,1.3,0.6,3277080,"24 years, 1 months, 1 days"
1629006,Josh Okogie,Suns,Guard,193,97,Nigeria,1998-09-01,4,20,244,20.6,6.4,2.9,1.1,1.0,0.4,4087904,"24 years, 0 months, 18 days"
1630168,Onyeka Okongwu,Hawks,Forward,203,109,USA,2000-12-11,2,6,98,16.3,6.3,4.6,0.7,0.6,0.9,6104280,"21 years, 9 months, 8 days"
1630171,Isaac Okoro,Cavaliers,Forward,196,102,USA,2001-01-26,2,5,134,31.0,9.2,3.0,1.9,0.9,0.3,6720720,"21 years, 7 months, 24 days"
203506,Victor Oladipo,Heat,Guard,193,97,USA,1992-05-04,9,2,462,32.8,17.4,4.6,3.9,1.6,0.5,2389641,"30 years, 4 months, 15 days"
203482,Kelly Olynyk,Pistons,Forward,211,109,Canada,1991-04-19,9,13,610,22.0,10.1,5.1,2.0,0.8,0.5,12195122,"31 years, 5 months, 0 days"
1626224,Cedi Osman,Cavaliers,Forward,201,104,Turkey,1995-04-08,5,31,327,24.5,10.0,3.2,2.1,0.7,0.1,8050000,"27 years, 5 months, 11 days"
1626162,Kelly Oubre Jr.,Hornets,Forward,198,92,USA,1995-12-09,7,15,479,25.2,12.0,4.3,1.0,0.9,0.5,12000000,"26 years, 9 months, 10 days"
1629672,Eric Paschall,Timberwolves,Forward,198,116,USA,1996-11-04,3,41,158,19.5,9.8,3.2,1.4,0.3,0.2,1782621,"25 years, 10 months, 15 days"
101108,Chris Paul,Suns,Guard,183,79,USA,1985-05-06,17,4,1155,34.5,18.1,4.5,9.5,2.1,0.1,30800000,"37 years, 4 months, 13 days"
1626166,Cameron Payne,Suns,Guard,185,83,USA,1994-08-08,7,14,279,17.9,7.6,2.2,3.2,0.7,0.2,6500000,"28 years, 1 months, 11 days"
203901,Elfrid Payton,Suns,Guard,190,88,USA,1994-02-22,8,10,500,26.8,10.1,4.0,5.7,1.2,0.3,2239544,"28 years, 6 months, 28 days"
1627780,Gary Payton II,Trail Blazers,Guard,190,88,USA,1992-12-01,6,Undrafted,142,14.5,5.2,2.8,1.1,1.0,0.3,1939350,"29 years, 9 months, 18 days"
203486,Mason Plumlee,Hornets,Forward,211,115,USA,1990-03-05,9,22,661,22.3,8.3,6.6,2.4,0.8,0.9,8137500,"32 years, 6 months, 14 days"
1627751,Jakob Poeltl,Spurs,Center,216,111,Austria,1995-10-15,6,9,416,20.2,7.3,6.1,1.4,0.5,1.3,8750000,"26 years, 11 months, 4 days"
1630197,Aleksej Pokusevski,Thunder,Forward,213,86,Serbia,2001-12-26,2,17,106,21.9,7.8,5.0,2.2,0.6,0.8,3113160,"20 years, 8 months, 24 days"
1629673,Jordan Poole,Warriors,Guard,193,88,USA,1999-06-19,3,28,184,24.7,13.7,2.6,2.9,0.7,0.2,2161440,"23 years, 3 months, 0 days"
1629645,Kevin Porter Jr.,Rockets,Guard,193,92,USA,2000-05-04,3,30,137,28.5,13.7,3.9,4.7,1.0,0.3,2130240,"22 years, 4 months, 15 days"
1629008,Michael Porter Jr.,Nuggets,Forward,208,99,USA,1998-06-29,3,14,125,24.6,14.1,6.1,1.1,0.6,0.6,5258735,"24 years, 2 months, 21 days"
203490,Otto Porter Jr.,Raptors,Forward,203,90,USA,1993-06-03,9,3,504,26.0,10.6,5.1,1.5,1.1,0.4,2389641,"29 years, 3 months, 16 days"
1626171,Bobby Portis,Bucks,Forward,208,113,USA,1995-02-10,7,22,453,21.7,11.1,6.6,1.2,0.6,0.4,4347600,"27 years, 7 months, 9 days"
204001,Kristaps Porzingis,Wizards,Forward,221,109,Latvia,1995-08-02,6,4,337,30.8,18.9,7.9,1.6,0.7,1.9,31650600,"27 years, 1 months, 17 days"
203939,Dwight Powell,Mavericks,Forward,208,109,Canada,1991-07-20,8,45,511,19.0,7.7,4.6,1.0,0.6,0.5,11000000,"31 years, 1 months, 30 days"
1626181,Norman Powell,Clippers,Guard,190,98,USA,1993-05-25,7,46,421,22.4,11.3,2.6,1.5,0.8,0.3,15517242,"29 years, 3 months, 25 days"
1630563,Joshua Primo,Spurs,Guard,193,86,Canada,2002-12-24,1,12,50,19.3,5.8,2.3,1.6,0.4,0.5,3946800,"19 years, 8 months, 26 days"
1627752,Taurean Prince,Timberwolves,Forward,198,99,USA,1994-03-22,6,12,370,24.2,10.5,3.9,1.7,0.8,0.4,15057692,"28 years, 5 months, 28 days"
1630202,Payton Pritchard,Celtics,Guard,185,88,USA,1998-01-28,2,26,137,16.6,6.9,2.1,1.9,0.5,0.1,2137440,"24 years, 7 months, 22 days"
1630193,Immanuel Quickley,Knicks,Guard,190,86,USA,1999-06-17,2,25,142,21.5,11.4,2.7,2.8,0.6,0.1,2210640,"23 years, 3 months, 2 days"
203944,Julius Randle,Knicks,Forward,203,113,USA,1994-11-29,8,7,518,31.2,17.7,9.3,3.6,0.7,0.5,19800000,"27 years, 9 months, 21 days"
1630559,Austin Reaves,Lakers,Guard,196,89,USA,1998-05-29,1,Undrafted,61,23.2,7.3,3.2,1.8,0.5,0.3,925258,"24 years, 3 months, 21 days"
1629629,Cam Reddish,Knicks,Forward,203,98,USA,1999-09-01,3,10,133,24.9,10.5,3.2,1.3,1.1,0.4,4670160,"23 years, 0 months, 18 days"
1630194,Paul Reed,76ers,Forward,206,95,USA,1999-06-14,2,58,64,7.5,3.2,2.4,0.4,0.7,0.4,1517981,"23 years, 3 months, 5 days"
1629675,Naz Reid,Timberwolves,Center,206,120,USA,1999-08-26,3,Undrafted,177,17.3,9.5,4.2,1.0,0.5,1.0,1782621,"23 years, 0 months, 24 days"
1630208,Nick Richards,Hornets,Center,213,111,Jamaica,1997-11-29,2,42,68,6.3,2.4,1.4,0.2,0.1,0.3,1517981,"24 years, 9 months, 21 days"
1626196,Josh Richardson,Spurs,Guard,196,91,USA,1993-09-15,7,40,438,29.8,12.0,3.1,2.7,1.1,0.6,11600000,"29 years, 0 months, 4 days"
203085,Austin Rivers,Timberwolves,Guard,193,91,USA,1992-08-01,10,10,655,24.2,8.8,2.1,2.2,0.7,0.2,2401537,"30 years, 1 months, 18 days"
1629130,Duncan Robinson,Heat,Forward,201,98,USA,1994-04-22,4,Undrafted,239,27.7,11.9,2.9,1.5,0.5,0.2,15560000,"28 years, 4 months, 28 days"
1629011,Mitchell Robinson,Knicks,Center,213,109,USA,1998-04-01,4,36,230,23.8,8.4,7.5,0.6,0.9,2.0,1802057,"24 years, 5 months, 18 days"
1630526,Jeremiah Robinson-Earl,Thunder,Forward,203,110,USA,2000-11-03,1,32,49,22.2,7.5,5.6,1.0,0.6,0.3,2000000,"21 years, 10 months, 16 days"
1629676,Isaiah Roby,Spurs,Forward,203,104,USA,1998-02-03,3,45,109,21.9,9.1,5.1,1.6,0.8,0.7,1782621,"24 years, 7 months, 16 days"
200765,Rajon Rondo,Cavaliers,Guard,185,82,USA,1986-02-22,17,21,957,29.9,9.8,4.5,7.9,1.6,0.1,2641691,"36 years, 6 months, 28 days"
201565,Derrick Rose,Knicks,Guard,188,91,USA,1988-10-04,13,1,672,31.7,18.2,3.3,5.4,0.8,0.3,13445120,"33 years, 11 months, 15 days"
203082,Terrence Ross,Magic,Guard,198,93,USA,1991-02-05,10,8,670,24.8,11.2,2.8,1.3,0.8,0.3,12500000,"31 years, 7 months, 14 days"
1626179,Terry Rozier,Hornets,Guard,185,86,USA,1994-03-17,7,16,477,26.1,12.7,3.9,3.2,0.9,0.2,17905263,"28 years, 6 months, 2 days"
201937,Ricky Rubio,Cavaliers,Guard,188,86,Spain,1990-10-21,11,5,665,30.3,11.1,4.2,7.6,1.8,0.1,17809524,"31 years, 10 months, 29 days"
1626156,D'Angelo Russell,Timberwolves,Guard,193,88,USA,1996-02-23,7,2,424,29.4,17.7,3.5,5.6,1.1,0.3,30013500,"26 years, 6 months, 27 days"
1627734,Domantas Sabonis,Kings,Forward,211,109,Lithuania,1996-05-03,6,11,415,28.4,14.4,9.2,3.6,0.7,0.4,18562500,"26 years, 4 months, 16 days"
203967,Dario Saric,Suns,Forward,208,102,Croatia,1994-04-08,5,12,356,25.2,11.7,5.9,2.0,0.6,0.2,9000000,"28 years, 5 months, 11 days"
203107,Tomas Satoransky,Wizards,Guard,201,95,Czech Republic,1991-10-30,7,32,388,22.2,6.9,2.9,4.1,0.8,0.2,10468119,"30 years, 10 months, 20 days"
203471,Dennis Schroder,Rockets,Guard,185,78,Germany,1993-09-15,9,17,621,26.5,14.2,2.9,4.7,0.8,0.1,5890000,"29 years, 0 months, 4 days"
1630578,Alperen Sengun,Rockets,Center,208,110,Turkey,2002-07-25,1,16,72,20.7,9.6,5.5,2.6,0.8,0.9,3214680,"20 years, 1 months, 25 days"
1629012,Collin Sexton,Jazz,Guard,185,86,USA,1999-01-04,4,8,218,32.9,20.0,3.0,3.3,0.8,0.1,6349671,"23 years, 8 months, 15 days"
1629013,Landry Shamet,Suns,Guard,193,86,USA,1997-03-13,4,26,262,23.3,9.0,1.8,1.6,0.4,0.1,3768342,"25 years, 6 months, 6 days"
1630549,Day'Ron Sharpe,Nets,Center,206,120,USA,2001-11-06,1,29,32,12.2,6.2,5.0,0.5,0.3,0.5,2009040,"20 years, 10 months, 13 days"
1627783,Pascal Siakam,Raptors,Forward,203,104,Cameroon,1994-04-02,6,27,400,29.5,15.7,6.3,3.1,0.9,0.7,31320000,"28 years, 5 months, 17 days"
1627732,Ben Simmons,Nets,Guard,211,109,Australia,1996-07-20,4,1,275,33.9,15.9,8.1,7.7,1.7,0.7,31590000,"26 years, 1 months, 30 days"
1630250,Marko Simonovic,Bulls,Center,211,100,Montenegro,1999-10-15,1,44,9,3.9,1.9,1.1,0.0,0.1,0.1,925258,"22 years, 11 months, 4 days"
1629014,Anfernee Simons,Trail Blazers,Guard,190,82,USA,1999-06-08,4,24,211,20.7,10.2,2.2,2.0,0.4,0.1,3938818,"23 years, 3 months, 11 days"
203935,Marcus Smart,Celtics,Guard,193,100,USA,1994-03-06,8,6,520,29.8,10.5,3.6,4.5,1.6,0.4,14339285,"28 years, 6 months, 13 days"
202397,Ish Smith,Nuggets,Guard,183,79,USA,1988-07-05,12,Undrafted,719,20.0,7.6,2.5,3.9,0.7,0.3,4500000,"34 years, 2 months, 14 days"
1630188,Jalen Smith,Pacers,Forward,208,98,USA,2000-03-16,2,10,78,13.8,6.7,4.4,0.4,0.2,0.6,4458000,"22 years, 6 months, 3 days"
1630270,Xavier Sneed,Jazz,Forward,196,98,USA,1997-12-21,1,Undrafted,9,4.3,0.6,0.7,0.1,0.0,0.0,1563518,"24 years, 8 months, 29 days"
203503,Tony Snell,Pelicans,Guard,198,97,USA,1991-11-10,9,20,601,21.8,6.1,2.3,1.1,0.4,0.2,2389641,"30 years, 10 months, 9 days"
1630531,Jaden Springer,76ers,Guard,193,92,USA,2002-09-25,1,28,2,2.8,1.0,1.0,0.0,0.0,1.0,2023800,"19 years, 11 months, 25 days"
202362,Lance Stephenson,Pacers,Forward,196,95,USA,1990-09-05,11,40,554,22.9,8.6,4.1,2.9,0.6,0.1,924730,"32 years, 0 months, 14 days"
1630205,Lamar Stevens,Cavaliers,Forward,198,104,USA,1997-07-09,2,Undrafted,103,14.7,5.3,2.5,0.7,0.5,0.3,1517981,"25 years, 2 months, 10 days"
1630191,Isaiah Stewart,Pistons,Forward,203,113,USA,2001-05-22,2,16,139,23.5,8.1,7.7,1.0,0.4,1.2,3277080,"21 years, 3 months, 28 days"
1629622,Max Strus,Heat,Guard,196,98,USA,1996-03-28,3,Undrafted,109,19.3,8.8,2.2,1.1,0.4,0.2,1669178,"26 years, 5 months, 22 days"
1630591,Jalen Suggs,Magic,Guard,196,93,USA,2001-06-03,1,5,48,27.2,11.8,3.6,4.4,1.2,0.4,6593040,"21 years, 3 months, 16 days"
1630256,Jae'Sean Tate,Rockets,Forward,193,104,USA,1995-10-28,2,Undrafted,148,27.7,11.6,5.4,2.7,1.1,0.5,1517981,"26 years, 10 months, 22 days"
1628369,Jayson Tatum,Celtics,Forward,203,95,USA,1998-03-03,5,3,365,33.4,20.9,6.6,3.0,1.1,0.7,28103550,"24 years, 6 months, 16 days"
202066,Garrett Temple,Pelicans,Guard,196,88,USA,1986-05-08,12,Undrafted,691,21.4,6.4,2.3,1.7,0.8,0.3,4910000,"36 years, 4 months, 11 days"
1630179,Tyrell Terry,Grizzlies,Guard,188,73,USA,2000-09-28,3,31,13,4.6,1.0,0.5,0.5,0.4,0.0,1517981,"21 years, 11 months, 22 days"
1628464,Daniel Theis,Pacers,Forward,206,111,Germany,1992-04-04,5,Undrafted,306,19.6,7.6,4.9,1.3,0.5,0.9,8372093,"30 years, 5 months, 15 days"
1630560,Cam Thomas,Nets,Guard,190,95,Japan,2001-10-13,1,27,67,17.6,8.5,2.4,1.2,0.5,0.1,2036280,"20 years, 11 months, 6 days"
1629744,Matt Thomas,Bulls,Guard,190,86,USA,1994-08-04,3,Undrafted,126,9.7,4.0,1.2,0.5,0.2,0.0,1669178,"28 years, 1 months, 15 days"
202691,Klay Thompson,Warriors,Guard,198,100,USA,1990-02-08,9,11,647,32.9,19.5,3.5,2.3,0.9,0.5,37980720,"32 years, 7 months, 11 days"
202684,Tristan Thompson,Bulls,Center,206,115,Canada,1991-03-13,11,4,730,26.8,9.0,8.4,1.0,0.5,0.7,9720900,"31 years, 6 months, 6 days"
1630550,JT Thor,Hornets,Forward,206,92,USA,2002-08-26,1,37,33,7.9,2.0,1.3,0.6,0.2,0.3,1250000,"20 years, 0 months, 24 days"
1629680,Matisse Thybulle,76ers,Guard,196,91,USA,1997-03-04,3,20,196,21.8,4.8,1.9,1.1,1.6,1.0,2840160,"25 years, 6 months, 15 days"
1629681,Killian Tillie,Grizzlies,Forward,206,100,France,1998-03-05,2,Undrafted,54,11.9,3.2,1.6,0.6,0.5,0.4,2000000,"24 years, 6 months, 14 days"
1630214,Xavier Tillman Sr.,Grizzlies,Forward,203,111,USA,1999-01-12,2,35,112,15.9,5.7,3.7,1.2,0.8,0.4,1517981,"23 years, 8 months, 7 days"
1630225,Isaiah Todd,Wizards,Forward,206,99,USA,2001-10-17,1,31,12,6.2,1.7,1.0,0.3,0.3,0.2,1500000,"20 years, 11 months, 2 days"
1630167,Obi Toppin,Knicks,Forward,206,100,USA,1998-03-04,2,8,134,14.3,6.7,3.0,0.8,0.3,0.4,5105160,"24 years, 6 months, 15 days"
1629308,Juan Toscano-Anderson,Lakers,Forward,198,95,USA,1993-04-10,3,Undrafted,139,17.1,4.8,3.3,2.2,0.7,0.3,1701593,"29 years, 5 months, 9 days"
1626157,Karl-Anthony Towns,Timberwolves,Center,211,112,USA,1995-11-15,7,1,482,34.2,23.2,11.3,3.1,0.8,1.4,31610000,"26 years, 10 months, 4 days"
1629018,Gary Trent Jr.,Raptors,Guard,196,95,USA,1999-01-18,4,37,204,27.9,13.5,2.2,1.4,1.1,0.2,16000000,"23 years, 8 months, 1 days"
200782,P.J. Tucker,76ers,Forward,196,111,USA,1985-05-05,11,35,777,29.0,7.1,5.6,1.5,1.1,0.3,7000000,"37 years, 4 months, 14 days"
1626167,Myles Turner,Pacers,Center,211,113,USA,1996-03-24,7,11,431,28.7,12.7,6.7,1.2,0.7,2.3,18000000,"26 years, 5 months, 26 days"
202685,Jonas Valanciunas,Pelicans,Center,211,120,Lithuania,1992-05-06,10,5,695,26.1,13.4,9.5,1.2,0.4,1.0,14000000,"30 years, 4 months, 13 days"
1627832,Fred VanVleet,Raptors,Guard,185,89,USA,1994-02-25,6,Undrafted,348,28.3,13.7,3.2,4.9,1.3,0.4,19675926,"28 years, 6 months, 25 days"
1629020,Jarred Vanderbilt,Jazz,Forward,206,97,USA,1999-04-03,4,41,166,18.9,5.4,6.2,1.1,1.0,0.6,4259259,"23 years, 5 months, 16 days"
1630170,Devin Vassell,Spurs,Guard,196,91,USA,2000-08-23,2,11,133,22.5,9.1,3.6,1.4,0.9,0.4,4235160,"22 years, 0 months, 27 days"
1629216,Gabe Vincent,Heat,Guard,190,91,USA,1996-06-14,3,Undrafted,127,18.3,6.7,1.5,2.2,0.7,0.1,1669178,"26 years, 3 months, 5 days"
202696,Nikola Vucevic,Bulls,Center,208,118,Montenegro,1990-10-24,11,16,741,30.9,16.9,10.4,2.7,0.9,0.9,24000000,"31 years, 10 months, 26 days"
1629731,Dean Wade,Cavaliers,Forward,206,103,USA,1996-11-20,3,Undrafted,126,18.0,5.3,3.0,1.0,0.5,0.3,1782621,"25 years, 9 months, 30 days"
1630532,Franz Wagner,Magic,Forward,208,100,Germany,2001-08-27,1,8,79,30.7,15.2,4.5,2.9,0.9,0.4,5007840,"21 years, 0 months, 23 days"
1629021,Moritz Wagner,Magic,Forward,211,111,Germany,1997-04-26,4,25,196,15.1,7.5,3.5,1.1,0.4,0.3,1729217,"25 years, 4 months, 24 days"
202689,Kemba Walker,Pistons,Guard,183,83,USA,1990-05-08,11,9,741,33.3,19.5,3.8,5.3,1.2,0.4,8729020,"32 years, 4 months, 11 days"
1629022,Lonnie Walker IV,Lakers,Guard,193,93,USA,1998-12-14,4,18,208,20.4,9.4,2.4,1.6,0.5,0.2,4447896,"23 years, 9 months, 5 days"
202322,John Wall,Clippers,Guard,190,95,USA,1990-09-06,10,1,613,35.6,19.1,4.3,9.1,1.7,0.7,44310840,"32 years, 0 months, 13 days"
203933,T.J. Warren,Nets,Forward,203,100,USA,1993-09-05,7,14,332,28.8,15.5,4.1,1.2,1.0,0.5,12690000,"29 years, 0 months, 14 days"
1629023,P.J. Washington,Hornets,Forward,201,104,USA,1998-08-23,3,12,187,29.3,11.8,5.7,2.3,0.9,1.0,4215120,"24 years, 0 months, 27 days"
1629139,Yuta Watanabe,Nets,Guard,206,98,Japan,1994-10-13,4,Undrafted,121,12.0,3.8,2.5,0.6,0.4,0.3,1762769,"27 years, 11 months, 6 days"
1630570,Trendon Watford,Trail Blazers,Forward,203,108,USA,2000-11-09,1,Undrafted,48,18.1,7.6,4.1,1.7,0.5,0.6,260561,"21 years, 10 months, 10 days"
201566,Russell Westbrook,Lakers,Guard,190,91,USA,1988-11-12,14,4,1021,34.7,22.8,7.4,8.4,1.7,0.3,44211146,"33 years, 10 months, 7 days"
1629632,Coby White,Bulls,Guard,193,88,USA,2000-02-16,3,7,195,28.2,13.7,3.6,3.5,0.6,0.2,5837760,"22 years, 7 months, 3 days"
1628401,Derrick White,Celtics,Guard,193,86,USA,1994-07-02,5,29,263,25.9,11.5,3.3,3.8,0.8,0.8,15178571,"28 years, 2 months, 17 days"
202355,Hassan Whiteside,Jazz,Center,213,120,USA,1989-06-13,10,33,511,24.7,12.6,10.8,0.6,0.5,2.2,2401537,"33 years, 3 months, 6 days"
1630598,Aaron Wiggins,Thunder,Guard,193,86,USA,1999-01-02,1,55,50,24.2,8.3,3.6,1.4,0.6,0.2,1000000,"23 years, 8 months, 17 days"
203952,Andrew Wiggins,Warriors,Forward,201,89,Canada,1995-02-23,8,1,598,35.0,19.3,4.4,2.3,1.0,0.7,31579390,"27 years, 6 months, 27 days"
1629684,Grant Williams,Celtics,Forward,198,107,USA,1998-11-30,3,22,209,19.4,5.4,3.0,1.0,0.5,0.6,2617800,"23 years, 9 months, 20 days"
1629026,Kenrich Williams,Thunder,Guard,198,95,USA,1994-12-02,4,Undrafted,200,22.0,6.5,4.5,2.0,0.9,0.3,2000000,"27 years, 9 months, 17 days"
101150,Lou Williams,Hawks,Guard,188,79,USA,1986-10-27,17,45,1123,24.1,13.9,2.2,3.4,0.8,0.2,5000000,"35 years, 10 months, 23 days"
1630172,Patrick Williams,Bulls,Forward,201,98,USA,2001-08-26,2,4,88,27.3,9.2,4.5,1.3,0.8,0.6,7422000,"21 years, 0 months, 24 days"
1630533,Ziaire Williams,Grizzlies,Forward,206,84,USA,2001-09-12,1,10,62,21.7,8.1,2.1,1.0,0.6,0.2,4373160,"21 years, 0 months, 7 days"
1629627,Zion Williamson,Pelicans,Forward,198,129,USA,2000-07-06,2,1,85,31.7,25.7,7.0,3.2,0.9,0.6,10733400,"22 years, 2 months, 13 days"
1629685,Dylan Windler,Cavaliers,Guard,198,89,USA,1996-09-22,2,26,81,12.0,3.3,2.4,0.8,0.4,0.2,2239200,"25 years, 11 months, 28 days"
1626159,Justise Winslow,Trail Blazers,Forward,198,101,USA,1996-03-26,7,10,315,25.8,8.4,5.1,2.5,0.9,0.4,3902439,"26 years, 5 months, 24 days"
1630164,James Wiseman,Warriors,Center,213,109,USA,2001-03-31,1,2,39,21.4,11.5,5.8,0.7,0.3,0.9,9166800,"21 years, 5 months, 19 days"
1626174,Christian Wood,Mavericks,Forward,206,97,USA,1995-09-27,6,Undrafted,222,23.6,14.2,7.3,1.3,0.6,0.9,13666667,"26 years, 11 months, 23 days"
1630218,Robert Woodard II,Spurs,Forward,198,107,USA,1999-09-22,2,40,25,3.5,1.1,1.1,0.2,0.0,0.2,1517981,"22 years, 11 months, 28 days"
1626153,Delon Wright,Wizards,Guard,196,84,USA,1992-04-26,7,20,411,20.9,7.2,3.2,3.0,1.2,0.4,8526316,"30 years, 4 months, 24 days"
201152,Thaddeus Young,Raptors,Forward,203,107,USA,1988-06-21,15,12,1085,29.3,12.8,5.8,1.8,1.4,0.4,14190000,"34 years, 2 months, 29 days"
1629027,Trae Young,Hawks,Guard,185,74,USA,1998-09-19,4,5,280,33.6,25.3,3.9,9.1,0.9,0.2,8326471,"24 years, 0 months, 0 days"
1630209,Omer Yurtseven,Heat,Center,211,125,Turkey,1998-06-19,1,Undrafted,56,12.6,5.3,5.3,0.9,0.3,0.4,1489065,"24 years, 3 months, 0 days"
1627826,Ivica Zubac,Clippers,Center,213,109,Croatia,1997-03-18,6,32,360,19.0,8.3,6.5,1.1,0.3,0.8,7518518,"25 years, 6 months, 1 days"
